,date,open,high,low,close,volume,average,barCount
0,2022-12-27 08:30:00-06:00,4000.0,4000.0,4000.0,4000.0,0.0,4000.0,0
1,2022-12-27 09:00:00-06:00,4000.0,4000.0,4000.0,4000.0,0.0,4000.0,0
2,2022-12-27 10:00:00-06:00,4000.0,4000.0,4000.0,4000.0,0.0,4000.0,0
3,2022-12-27 11:00:00-06:00,4000.0,4000.0,4000.0,4000.0,0.0,4000.0,0
4,2022-12-27 12:00:00-06:00,4000.0,4000.0,4000.0,4000.0,0.0,4000.0,0
5,2022-12-27 13:00:00-06:00,4000.0,4000.0,4000.0,4000.0,0.0,4000.0,0
6,2022-12-27 14:00:00-06:00,4000.0,4000.0,4000.0,4000.0,0.0,4000.0,0
7,2022-12-27 15:00:00-06:00,3986.0,3986.0,3986.0,3986.0,1.0,3986.0,1
8,2022-12-28 10:00:00-06:00,3955.0,3955.0,3955.0,3955.0,1.0,3955.0,1
9,2022-12-28 11:00:00-06:00,3955.0,3955.0,3955.0,3955.0,0.0,3955.0,0
10,2022-12-28 12:00:00-06:00,3955.0,3955.0,3955.0,3955.0,0.0,3955.0,0
11,2022-12-28 13:00:00-06:00,3955.0,3955.0,3955.0,3955.0,0.0,3955.0,0
12,2022-12-28 14:00:00-06:00,3955.0,3955.0,3955.0,3955.0,0.0,3955.0,0
13,2022-12-28 15:00:00-06:00,3955.0,3955.0,3955.0,3955.0,0.0,3955.0,0
14,2022-12-29 10:00:00-06:00,4015.0,4015.0,4015.0,4015.0,2.0,4015.0,1
15,2022-12-29 11:00:00-06:00,4015.0,4015.0,4015.0,4015.0,0.0,4015.0,0
16,2022-12-29 12:00:00-06:00,4015.0,4015.0,4015.0,4015.0,0.0,4015.0,0
17,2022-12-29 13:00:00-06:00,4015.0,4015.0,4015.0,4015.0,0.0,4015.0,0
18,2022-12-29 14:00:00-06:00,4010.0,4010.0,4009.0,4009.0,5.0,4009.6,4
19,2022-12-29 15:00:00-06:00,4009.0,4009.0,4009.0,4009.0,0.0,4009.0,0
20,2023-02-15 15:00:00-06:00,4295.0,4295.0,4295.0,4295.0,0.0,4295.0,0
21,2023-02-21 08:30:00-06:00,4243.0,4243.0,4243.0,4243.0,0.0,4243.0,0
22,2023-02-21 09:00:00-06:00,4243.0,4243.0,4243.0,4243.0,0.0,4243.0,0
23,2023-02-21 10:00:00-06:00,4243.0,4243.0,4243.0,4243.0,0.0,4243.0,0
24,2023-02-21 11:00:00-06:00,4243.0,4243.0,4243.0,4243.0,0.0,4243.0,0
25,2023-02-21 12:00:00-06:00,4243.0,4243.0,4243.0,4243.0,0.0,4243.0,0
26,2023-02-21 13:00:00-06:00,4243.0,4243.0,4243.0,4243.0,0.0,4243.0,0
27,2023-02-21 14:00:00-06:00,4243.0,4243.0,4243.0,4243.0,0.0,4243.0,0
28,2023-02-21 15:00:00-06:00,4243.0,4243.0,4243.0,4243.0,0.0,4243.0,0
29,2023-02-24 15:00:00-06:00,4136.25,4136.25,4136.25,4136.25,1.0,4136.25,1
30,2023-03-03 08:30:00-06:00,4158.0,4158.0,4158.0,4158.0,0.0,4158.0,0
31,2023-03-03 09:00:00-06:00,4158.0,4158.0,4158.0,4158.0,0.0,4158.0,0
32,2023-03-03 10:00:00-06:00,4158.0,4158.0,4158.0,4158.0,0.0,4158.0,0
33,2023-03-03 11:00:00-06:00,4158.0,4158.0,4158.0,4158.0,0.0,4158.0,0
34,2023-03-03 12:00:00-06:00,4158.0,4158.0,4158.0,4158.0,0.0,4158.0,0
35,2023-03-03 13:00:00-06:00,4158.0,4158.0,4158.0,4158.0,0.0,4158.0,0
36,2023-03-03 14:00:00-06:00,4158.0,4158.0,4158.0,4158.0,0.0,4158.0,0
37,2023-03-03 15:00:00-06:00,4158.0,4158.0,4158.0,4158.0,0.0,4158.0,0
38,2023-03-06 15:00:00-06:00,4211.25,4211.25,4211.25,4211.25,0.0,4211.25,0
39,2023-03-07 08:30:00-06:00,4221.0,4221.0,4221.0,4221.0,0.0,4221.0,0
40,2023-03-07 09:00:00-06:00,4221.0,4221.0,4221.0,4221.0,0.0,4221.0,0
41,2023-03-07 10:00:00-06:00,4221.0,4221.0,4221.0,4221.0,0.0,4221.0,0
42,2023-03-07 11:00:00-06:00,4221.0,4221.0,4221.0,4221.0,0.0,4221.0,0
43,2023-03-07 12:00:00-06:00,4221.0,4221.0,4221.0,4221.0,0.0,4221.0,0
44,2023-03-07 13:00:00-06:00,4221.0,4221.0,4221.0,4221.0,0.0,4221.0,0
45,2023-03-07 14:00:00-06:00,4221.0,4221.0,4221.0,4221.0,0.0,4221.0,0
46,2023-03-07 15:00:00-06:00,4221.0,4221.0,4221.0,4221.0,0.0,4221.0,0
47,2023-03-08 09:00:00-06:00,4160.0,4160.0,4160.0,4160.0,1.0,4160.0,1
48,2023-03-08 10:00:00-06:00,4160.0,4160.0,4160.0,4160.0,0.0,4160.0,0
49,2023-03-08 11:00:00-06:00,4160.0,4160.0,4160.0,4160.0,0.0,4160.0,0
50,2023-03-08 12:00:00-06:00,4160.0,4160.0,4160.0,4160.0,0.0,4160.0,0
51,2023-03-08 13:00:00-06:00,4160.0,4160.0,4160.0,4160.0,0.0,4160.0,0
52,2023-03-08 14:00:00-06:00,4160.0,4160.0,4160.0,4160.0,0.0,4160.0,0
53,2023-03-08 15:00:00-06:00,4160.0,4160.0,4160.0,4160.0,0.0,4160.0,0
54,2023-03-09 14:00:00-06:00,4093.75,4093.75,4092.0,4092.75,3.0,4092.825,3
55,2023-03-09 15:00:00-06:00,4092.75,4092.75,4092.75,4092.75,0.0,4092.75,0
56,2023-03-13 10:00:00-05:00,4000.0,4000.0,3995.0,3995.0,2.0,3997.5,2
57,2023-03-13 11:00:00-05:00,3995.0,3995.0,3995.0,3995.0,0.0,3995.0,0
58,2023-03-13 12:00:00-05:00,3995.0,3995.0,3995.0,3995.0,0.0,3995.0,0
59,2023-03-13 13:00:00-05:00,3995.0,3995.0,3995.0,3995.0,0.0,3995.0,0
60,2023-03-13 14:00:00-05:00,3995.0,3995.0,3995.0,3995.0,0.0,3995.0,0
61,2023-03-13 15:00:00-05:00,3995.0,3995.0,3995.0,3995.0,0.0,3995.0,0
62,2023-03-14 15:00:00-05:00,4002.25,4002.25,4002.25,4002.25,0.0,4002.25,0
63,2023-03-15 08:30:00-05:00,3956.25,3956.25,3956.25,3956.25,0.0,3956.25,0
64,2023-03-15 09:00:00-05:00,3956.25,3956.25,3956.25,3956.25,0.0,3956.25,0
65,2023-03-15 10:00:00-05:00,3956.25,3956.25,3956.25,3956.25,0.0,3956.25,0
66,2023-03-15 11:00:00-05:00,3956.25,3956.25,3956.25,3956.25,0.0,3956.25,0
67,2023-03-15 12:00:00-05:00,3956.25,3956.25,3956.25,3956.25,0.0,3956.25,0
68,2023-03-15 13:00:00-05:00,3956.25,3956.25,3956.25,3956.25,0.0,3956.25,0
69,2023-03-15 14:00:00-05:00,3956.25,3956.25,3956.25,3956.25,0.0,3956.25,0
70,2023-03-15 15:00:00-05:00,3956.25,3956.25,3956.25,3956.25,0.0,3956.25,0
71,2023-03-17 13:00:00-05:00,4020.5,4020.5,4020.5,4020.5,1.0,4020.5,1
72,2023-03-17 14:00:00-05:00,4020.5,4020.5,4020.5,4020.5,0.0,4020.5,0
73,2023-03-17 15:00:00-05:00,4020.5,4020.5,4020.5,4020.5,0.0,4020.5,0
74,2023-03-20 08:30:00-05:00,4032.25,4032.25,4032.25,4032.25,0.0,4032.25,0
75,2023-03-20 09:00:00-05:00,4032.25,4032.25,4032.25,4032.25,0.0,4032.25,0
76,2023-03-20 10:00:00-05:00,4032.25,4032.25,4032.25,4032.25,0.0,4032.25,0
77,2023-03-20 11:00:00-05:00,4032.25,4032.25,4032.25,4032.25,0.0,4032.25,0
78,2023-03-20 12:00:00-05:00,4032.25,4032.25,4032.25,4032.25,0.0,4032.25,0
79,2023-03-20 13:00:00-05:00,4032.25,4032.25,4032.25,4032.25,0.0,4032.25,0
80,2023-03-20 14:00:00-05:00,4032.25,4032.25,4032.25,4032.25,0.0,4032.25,0
81,2023-03-20 15:00:00-05:00,4070.0,4070.0,4069.0,4069.0,2.0,4069.5,2
82,2023-03-22 13:00:00-05:00,4155.0,4155.0,4155.0,4155.0,1.0,4155.0,1
83,2023-03-22 14:00:00-05:00,4155.0,4155.0,4155.0,4155.0,0.0,4155.0,0
84,2023-03-22 15:00:00-05:00,4155.0,4155.0,4155.0,4155.0,0.0,4155.0,0
85,2023-03-30 08:30:00-05:00,4185.0,4185.0,4185.0,4185.0,0.0,4185.0,0
86,2023-03-30 09:00:00-05:00,4185.0,4185.0,4185.0,4185.0,0.0,4185.0,0
87,2023-03-30 10:00:00-05:00,4185.0,4185.0,4185.0,4185.0,0.0,4185.0,0
88,2023-03-30 11:00:00-05:00,4185.0,4185.0,4185.0,4185.0,0.0,4185.0,0
89,2023-03-30 12:00:00-05:00,4185.0,4185.0,4185.0,4185.0,0.0,4185.0,0
90,2023-03-30 13:00:00-05:00,4185.0,4185.0,4185.0,4185.0,0.0,4185.0,0
91,2023-03-30 14:00:00-05:00,4185.0,4185.0,4185.0,4185.0,0.0,4185.0,0
92,2023-03-30 15:00:00-05:00,4185.0,4185.0,4185.0,4185.0,0.0,4185.0,0
93,2023-03-31 08:30:00-05:00,4200.0,4200.0,4200.0,4200.0,0.0,4200.0,0
94,2023-03-31 09:00:00-05:00,4200.0,4200.0,4200.0,4200.0,0.0,4200.0,0
95,2023-03-31 10:00:00-05:00,4200.0,4200.0,4200.0,4200.0,0.0,4200.0,0
96,2023-03-31 11:00:00-05:00,4200.0,4200.0,4200.0,4200.0,0.0,4200.0,0
97,2023-03-31 12:00:00-05:00,4200.0,4200.0,4200.0,4200.0,0.0,4200.0,0
98,2023-03-31 13:00:00-05:00,4200.0,4200.0,4200.0,4200.0,0.0,4200.0,0
99,2023-03-31 14:00:00-05:00,4238.0,4238.0,4238.0,4238.0,1.0,4238.0,1
100,2023-03-31 15:00:00-05:00,4238.0,4238.0,4238.0,4238.0,0.0,4238.0,0
101,2023-04-06 12:00:00-05:00,4225.0,4225.0,4225.0,4225.0,6.0,4225.0,3
102,2023-04-06 13:00:00-05:00,4225.0,4225.0,4225.0,4225.0,0.0,4225.0,0
103,2023-04-06 14:00:00-05:00,4225.0,4225.0,4225.0,4225.0,0.0,4225.0,0
104,2023-04-06 15:00:00-05:00,4225.0,4225.0,4225.0,4225.0,0.0,4225.0,0
105,2023-04-11 11:00:00-05:00,4245.0,4245.0,4245.0,4245.0,3.0,4245.0,2
106,2023-04-11 12:00:00-05:00,4245.0,4245.0,4245.0,4245.0,0.0,4245.0,0
107,2023-04-11 13:00:00-05:00,4245.0,4245.0,4245.0,4245.0,0.0,4245.0,0
108,2023-04-11 14:00:00-05:00,4245.0,4245.0,4245.0,4245.0,0.0,4245.0,0
109,2023-04-11 15:00:00-05:00,4245.0,4245.0,4245.0,4245.0,0.0,4245.0,0
110,2023-04-18 15:00:00-05:00,4283.0,4283.0,4283.0,4283.0,0.0,4283.0,0
111,2023-04-19 12:00:00-05:00,4294.25,4294.25,4294.25,4294.25,2.0,4294.25,2
112,2023-04-19 13:00:00-05:00,4294.25,4294.25,4294.25,4294.25,0.0,4294.25,0
113,2023-04-19 14:00:00-05:00,4294.25,4294.25,4294.25,4294.25,0.0,4294.25,0
114,2023-04-19 15:00:00-05:00,4294.25,4294.25,4294.25,4294.25,0.0,4294.25,0
115,2023-04-20 10:00:00-05:00,4275.75,4275.75,4275.75,4275.75,1.0,4275.75,1
116,2023-04-20 11:00:00-05:00,4275.75,4275.75,4275.75,4275.75,0.0,4275.75,0
117,2023-04-20 12:00:00-05:00,4275.75,4275.75,4275.75,4275.75,0.0,4275.75,0
118,2023-04-20 13:00:00-05:00,4275.75,4275.75,4275.75,4275.75,0.0,4275.75,0
119,2023-04-20 14:00:00-05:00,4275.75,4275.75,4275.75,4275.75,0.0,4275.75,0
120,2023-04-20 15:00:00-05:00,4275.75,4275.75,4275.75,4275.75,0.0,4275.75,0
121,2023-04-21 12:00:00-05:00,4266.0,4266.0,4266.0,4266.0,1.0,4266.0,1
122,2023-04-21 13:00:00-05:00,4266.0,4266.0,4266.0,4266.0,0.0,4266.0,0
123,2023-04-21 14:00:00-05:00,4266.0,4266.0,4266.0,4266.0,0.0,4266.0,0
124,2023-04-21 15:00:00-05:00,4266.0,4266.0,4266.0,4266.0,0.0,4266.0,0
125,2023-04-24 15:00:00-05:00,4256.0,4256.0,4256.0,4256.0,0.0,4256.0,0
126,2023-04-26 11:00:00-05:00,4201.25,4201.25,4201.25,4201.25,1.0,4201.25,1
127,2023-04-26 12:00:00-05:00,4201.25,4201.25,4201.25,4201.25,0.0,4201.25,0
128,2023-04-26 13:00:00-05:00,4180.25,4180.25,4180.25,4180.25,1.0,4180.25,1
129,2023-04-26 14:00:00-05:00,4180.25,4180.25,4180.25,4180.25,0.0,4180.25,0
130,2023-04-26 15:00:00-05:00,4180.25,4180.25,4180.25,4180.25,0.0,4180.25,0
131,2023-05-01 09:00:00-05:00,4306.75,4309.5,4306.75,4309.5,3.0,4308.425,3
132,2023-05-01 10:00:00-05:00,4309.5,4309.5,4309.5,4309.5,0.0,4309.5,0
133,2023-05-01 11:00:00-05:00,4309.25,4309.25,4309.25,4309.25,2.0,4309.25,1
134,2023-05-01 12:00:00-05:00,4309.25,4309.25,4309.25,4309.25,0.0,4309.25,0
135,2023-05-01 13:00:00-05:00,4309.25,4309.25,4309.25,4309.25,0.0,4309.25,0
136,2023-05-01 14:00:00-05:00,4309.25,4309.25,4309.25,4309.25,0.0,4309.25,0
137,2023-05-01 15:00:00-05:00,4309.25,4309.25,4309.25,4309.25,0.0,4309.25,0
138,2023-05-05 13:00:00-05:00,4255.0,4255.0,4252.0,4252.0,3.0,4253.0,3
139,2023-05-05 14:00:00-05:00,4252.0,4252.0,4252.0,4252.0,0.0,4252.0,0
140,2023-05-05 15:00:00-05:00,4252.0,4252.0,4252.0,4252.0,0.0,4252.0,0
141,2023-05-10 08:30:00-05:00,4269.75,4269.75,4269.75,4269.75,2.0,4269.75,1
142,2023-05-10 09:00:00-05:00,4269.75,4269.75,4269.75,4269.75,0.0,4269.75,0
143,2023-05-10 10:00:00-05:00,4269.75,4269.75,4269.75,4269.75,0.0,4269.75,0
144,2023-05-10 11:00:00-05:00,4269.75,4269.75,4269.75,4269.75,0.0,4269.75,0
145,2023-05-10 12:00:00-05:00,4269.75,4269.75,4269.75,4269.75,0.0,4269.75,0
146,2023-05-10 13:00:00-05:00,4269.75,4269.75,4269.75,4269.75,0.0,4269.75,0
147,2023-05-10 14:00:00-05:00,4269.75,4269.75,4269.75,4269.75,0.0,4269.75,0
148,2023-05-10 15:00:00-05:00,4269.75,4269.75,4269.75,4269.75,0.0,4269.75,0
149,2023-05-16 08:30:00-05:00,4255.5,4255.5,4255.5,4255.5,0.0,4255.5,0
150,2023-05-16 09:00:00-05:00,4255.5,4255.5,4255.5,4255.5,0.0,4255.5,0
151,2023-05-16 10:00:00-05:00,4241.5,4241.5,4241.5,4241.5,5.0,4241.5,2
152,2023-05-16 11:00:00-05:00,4241.5,4241.5,4241.5,4241.5,0.0,4241.5,0
153,2023-05-16 12:00:00-05:00,4241.5,4241.5,4241.5,4241.5,0.0,4241.5,0
154,2023-05-16 13:00:00-05:00,4241.5,4241.5,4241.5,4241.5,0.0,4241.5,0
155,2023-05-16 14:00:00-05:00,4241.5,4241.5,4241.5,4241.5,0.0,4241.5,0
156,2023-05-16 15:00:00-05:00,4241.5,4241.5,4241.5,4241.5,0.0,4241.5,0
157,2023-05-17 12:00:00-05:00,4272.0,4272.0,4272.0,4272.0,1.0,4272.0,1
158,2023-05-17 13:00:00-05:00,4272.0,4272.0,4272.0,4272.0,0.0,4272.0,0
159,2023-05-17 14:00:00-05:00,4272.0,4272.0,4272.0,4272.0,0.0,4272.0,0
160,2023-05-17 15:00:00-05:00,4272.0,4272.0,4272.0,4272.0,0.0,4272.0,0
161,2023-05-18 09:00:00-05:00,4299.0,4300.5,4299.0,4300.5,2.0,4299.75,2
162,2023-05-18 10:00:00-05:00,4300.5,4300.5,4300.5,4300.5,0.0,4300.5,0
163,2023-05-18 11:00:00-05:00,4300.5,4300.5,4300.5,4300.5,0.0,4300.5,0
164,2023-05-18 12:00:00-05:00,4300.5,4300.5,4300.5,4300.5,0.0,4300.5,0
165,2023-05-18 13:00:00-05:00,4300.5,4300.5,4300.5,4300.5,0.0,4300.5,0
166,2023-05-18 14:00:00-05:00,4321.5,4321.5,4321.5,4321.5,1.0,4321.5,1
167,2023-05-18 15:00:00-05:00,4321.5,4321.5,4321.5,4321.5,0.0,4321.5,0
168,2023-05-19 15:00:00-05:00,4334.25,4334.25,4334.25,4334.25,0.0,4334.25,0
169,2023-05-24 09:00:00-05:00,4250.0,4250.0,4250.0,4250.0,1.0,4250.0,1
170,2023-05-24 10:00:00-05:00,4250.0,4250.0,4250.0,4250.0,0.0,4250.0,0
171,2023-05-24 11:00:00-05:00,4250.0,4250.0,4250.0,4250.0,0.0,4250.0,0
172,2023-05-24 12:00:00-05:00,4250.0,4250.0,4250.0,4250.0,0.0,4250.0,0
173,2023-05-24 13:00:00-05:00,4250.0,4250.0,4250.0,4250.0,0.0,4250.0,0
174,2023-05-24 14:00:00-05:00,4250.0,4250.0,4250.0,4250.0,0.0,4250.0,0
175,2023-05-24 15:00:00-05:00,4250.0,4250.0,4250.0,4250.0,0.0,4250.0,0
176,2023-05-25 13:00:00-05:00,4277.0,4277.0,4277.0,4277.0,1.0,4277.0,1
177,2023-05-25 14:00:00-05:00,4277.0,4277.0,4277.0,4277.0,0.0,4277.0,0
178,2023-05-25 15:00:00-05:00,4277.0,4277.0,4277.0,4277.0,0.0,4277.0,0
179,2023-05-30 08:30:00-05:00,4367.0,4367.0,4367.0,4367.0,0.0,4367.0,0
180,2023-05-30 09:00:00-05:00,4367.0,4367.0,4367.0,4367.0,0.0,4367.0,0
181,2023-05-30 10:00:00-05:00,4367.0,4367.0,4367.0,4367.0,0.0,4367.0,0
182,2023-05-30 11:00:00-05:00,4367.0,4367.0,4367.0,4367.0,0.0,4367.0,0
183,2023-05-30 12:00:00-05:00,4367.0,4367.0,4367.0,4367.0,0.0,4367.0,0
184,2023-05-30 13:00:00-05:00,4367.0,4367.0,4367.0,4367.0,0.0,4367.0,0
185,2023-05-30 14:00:00-05:00,4367.0,4367.0,4367.0,4367.0,0.0,4367.0,0
186,2023-05-30 15:00:00-05:00,4367.0,4367.0,4367.0,4367.0,0.0,4367.0,0
187,2023-05-31 08:30:00-05:00,4330.25,4330.25,4330.25,4330.25,0.0,4330.25,0
188,2023-05-31 09:00:00-05:00,4330.25,4330.25,4330.25,4330.25,0.0,4330.25,0
189,2023-05-31 10:00:00-05:00,4330.25,4330.25,4330.25,4330.25,0.0,4330.25,0
190,2023-05-31 11:00:00-05:00,4309.75,4309.75,4309.75,4309.75,1.0,4309.75,1
191,2023-05-31 12:00:00-05:00,4309.75,4309.75,4309.75,4309.75,0.0,4309.75,0
192,2023-05-31 13:00:00-05:00,4309.75,4309.75,4309.75,4309.75,0.0,4309.75,0
193,2023-05-31 14:00:00-05:00,4309.75,4309.75,4309.75,4309.75,0.0,4309.75,0
194,2023-05-31 15:00:00-05:00,4309.75,4309.75,4309.75,4309.75,0.0,4309.75,0
195,2023-06-02 08:30:00-05:00,4395.0,4400.0,4395.0,4400.0,2.0,4397.5,2
196,2023-06-02 09:00:00-05:00,4400.0,4400.0,4400.0,4400.0,0.0,4400.0,0
197,2023-06-02 10:00:00-05:00,4400.0,4400.0,4400.0,4400.0,0.0,4400.0,0
198,2023-06-02 11:00:00-05:00,4400.0,4400.0,4400.0,4400.0,0.0,4400.0,0
199,2023-06-02 12:00:00-05:00,4425.0,4425.0,4425.0,4425.0,1.0,4425.0,1
200,2023-06-02 13:00:00-05:00,4425.0,4425.0,4425.0,4425.0,0.0,4425.0,0
201,2023-06-02 14:00:00-05:00,4425.0,4425.0,4425.0,4425.0,0.0,4425.0,0
202,2023-06-02 15:00:00-05:00,4425.0,4425.0,4425.0,4425.0,0.0,4425.0,0
203,2023-06-09 12:00:00-05:00,4440.0,4440.0,4440.0,4440.0,1.0,4440.0,1
204,2023-06-09 13:00:00-05:00,4440.0,4440.0,4440.0,4440.0,0.0,4440.0,0
205,2023-06-09 14:00:00-05:00,4440.0,4440.0,4440.0,4440.0,0.0,4440.0,0
206,2023-06-09 15:00:00-05:00,4440.0,4440.0,4440.0,4440.0,0.0,4440.0,0
207,2023-06-12 08:30:00-05:00,4448.0,4448.0,4448.0,4448.0,0.0,4448.0,0
208,2023-06-12 09:00:00-05:00,4448.0,4448.0,4448.0,4448.0,0.0,4448.0,0
209,2023-06-12 10:00:00-05:00,4448.0,4448.0,4448.0,4448.0,0.0,4448.0,0
210,2023-06-12 11:00:00-05:00,4448.0,4448.0,4448.0,4448.0,0.0,4448.0,0
211,2023-06-12 12:00:00-05:00,4448.0,4448.0,4448.0,4448.0,0.0,4448.0,0
212,2023-06-12 13:00:00-05:00,4448.0,4448.0,4448.0,4448.0,0.0,4448.0,0
213,2023-06-12 14:00:00-05:00,4448.0,4448.0,4448.0,4448.0,0.0,4448.0,0
214,2023-06-12 15:00:00-05:00,4448.0,4448.0,4448.0,4448.0,0.0,4448.0,0
215,2023-06-13 10:00:00-05:00,4509.75,4509.75,4509.75,4509.75,1.0,4509.75,1
216,2023-06-13 11:00:00-05:00,4502.0,4507.5,4502.0,4507.5,2.0,4504.75,2
217,2023-06-13 12:00:00-05:00,4515.0,4515.0,4515.0,4515.0,2.0,4515.0,1
218,2023-06-13 13:00:00-05:00,4515.0,4515.0,4515.0,4515.0,0.0,4515.0,0
219,2023-06-13 14:00:00-05:00,4515.0,4515.0,4515.0,4515.0,0.0,4515.0,0
220,2023-06-13 15:00:00-05:00,4515.0,4515.0,4515.0,4515.0,0.0,4515.0,0
221,2023-06-14 08:30:00-05:00,4517.0,4517.0,4517.0,4517.0,1.0,4517.0,1
222,2023-06-14 09:00:00-05:00,4522.0,4522.0,4522.0,4522.0,1.0,4522.0,1
223,2023-06-14 10:00:00-05:00,4524.0,4524.0,4524.0,4524.0,1.0,4524.0,1
224,2023-06-14 11:00:00-05:00,4524.0,4524.0,4524.0,4524.0,0.0,4524.0,0
225,2023-06-14 12:00:00-05:00,4524.0,4524.0,4524.0,4524.0,0.0,4524.0,0
226,2023-06-14 13:00:00-05:00,4499.5,4499.5,4499.5,4499.5,1.0,4499.5,1
227,2023-06-14 14:00:00-05:00,4499.5,4499.5,4499.5,4499.5,0.0,4499.5,0
228,2023-06-14 15:00:00-05:00,4499.5,4499.5,4499.5,4499.5,0.0,4499.5,0
229,2023-06-15 11:00:00-05:00,4550.0,4550.0,4550.0,4550.0,1.0,4550.0,1
230,2023-06-15 12:00:00-05:00,4544.0,4544.0,4544.0,4544.0,1.0,4544.0,1
231,2023-06-15 13:00:00-05:00,4558.0,4567.0,4558.0,4562.5,7.0,4563.775,3
232,2023-06-15 14:00:00-05:00,4562.5,4562.5,4562.5,4562.5,0.0,4562.5,0
233,2023-06-15 15:00:00-05:00,4562.5,4562.5,4562.5,4562.5,0.0,4562.5,0
234,2023-06-16 08:30:00-05:00,4578.5,4578.5,4578.5,4578.5,0.0,4578.5,0
235,2023-06-16 09:00:00-05:00,4574.0,4574.0,4574.0,4574.0,1.0,4574.0,1
236,2023-06-16 10:00:00-05:00,4574.0,4574.0,4574.0,4574.0,0.0,4574.0,0
237,2023-06-16 11:00:00-05:00,4568.0,4568.0,4568.0,4568.0,1.0,4568.0,1
238,2023-06-16 12:00:00-05:00,4571.5,4571.5,4569.25,4569.75,3.0,4570.175,3
239,2023-06-16 13:00:00-05:00,4569.75,4569.75,4569.75,4569.75,1.0,4569.75,1
240,2023-06-16 14:00:00-05:00,4560.75,4560.75,4560.75,4560.75,1.0,4560.75,1
241,2023-06-16 15:00:00-05:00,4558.75,4558.75,4548.5,4550.5,5.0,4553.0,5
242,2023-06-20 08:30:00-05:00,4540.75,4540.75,4540.75,4540.75,0.0,4540.75,0
243,2023-06-20 09:00:00-05:00,4540.75,4540.75,4540.75,4540.75,0.0,4540.75,0
244,2023-06-20 10:00:00-05:00,4513.25,4513.25,4513.25,4513.25,1.0,4513.25,1
245,2023-06-20 11:00:00-05:00,4513.25,4513.25,4513.25,4513.25,0.0,4513.25,0
246,2023-06-20 12:00:00-05:00,4513.25,4513.25,4513.25,4513.25,0.0,4513.25,0
247,2023-06-20 13:00:00-05:00,4513.25,4513.25,4513.25,4513.25,0.0,4513.25,0
248,2023-06-20 14:00:00-05:00,4531.75,4531.75,4531.75,4531.75,1.0,4531.75,1
249,2023-06-20 15:00:00-05:00,4531.75,4531.75,4531.75,4531.75,0.0,4531.75,0
250,2023-06-21 09:00:00-05:00,4506.75,4506.75,4506.75,4506.75,2.0,4506.75,2
251,2023-06-21 10:00:00-05:00,4506.75,4506.75,4506.75,4506.75,0.0,4506.75,0
252,2023-06-21 11:00:00-05:00,4506.75,4506.75,4506.75,4506.75,0.0,4506.75,0
253,2023-06-21 12:00:00-05:00,4506.75,4506.75,4506.75,4506.75,0.0,4506.75,0
254,2023-06-21 13:00:00-05:00,4506.75,4506.75,4506.75,4506.75,0.0,4506.75,0
255,2023-06-21 14:00:00-05:00,4506.75,4506.75,4506.75,4506.75,0.0,4506.75,0
256,2023-06-21 15:00:00-05:00,4506.75,4506.75,4506.75,4506.75,0.0,4506.75,0
257,2023-06-22 11:00:00-05:00,4504.75,4504.75,4503.75,4503.75,2.0,4504.25,2
258,2023-06-22 12:00:00-05:00,4502.25,4502.25,4502.25,4502.25,1.0,4502.25,1
259,2023-06-22 13:00:00-05:00,4502.25,4502.25,4502.25,4502.25,0.0,4502.25,0
260,2023-06-22 14:00:00-05:00,4502.25,4502.25,4502.25,4502.25,0.0,4502.25,0
261,2023-06-22 15:00:00-05:00,4502.25,4502.25,4502.25,4502.25,0.0,4502.25,0
262,2023-06-23 08:30:00-05:00,4484.0,4484.0,4484.0,4484.0,0.0,4484.0,0
263,2023-06-23 09:00:00-05:00,4484.0,4484.0,4484.0,4484.0,0.0,4484.0,0
264,2023-06-23 10:00:00-05:00,4484.0,4484.0,4484.0,4484.0,0.0,4484.0,0
265,2023-06-23 11:00:00-05:00,4484.0,4484.0,4484.0,4484.0,0.0,4484.0,0
266,2023-06-23 12:00:00-05:00,4484.0,4484.0,4484.0,4484.0,0.0,4484.0,0
267,2023-06-23 13:00:00-05:00,4484.0,4484.0,4484.0,4484.0,0.0,4484.0,0
268,2023-06-23 14:00:00-05:00,4484.0,4484.0,4484.0,4484.0,0.0,4484.0,0
269,2023-06-23 15:00:00-05:00,4484.0,4484.0,4484.0,4484.0,0.0,4484.0,0
270,2023-06-26 15:00:00-05:00,4490.0,4490.0,4490.0,4490.0,0.0,4490.0,0
271,2023-06-27 14:00:00-05:00,4517.5,4520.5,4516.75,4520.5,22.0,4518.75,4
272,2023-06-27 15:00:00-05:00,4512.0,4512.0,4512.0,4512.0,1.0,4512.0,1
273,2023-06-28 08:30:00-05:00,4505.0,4505.0,4505.0,4505.0,0.0,4505.0,0
274,2023-06-28 09:00:00-05:00,4515.0,4515.0,4515.0,4515.0,1.0,4515.0,1
275,2023-06-28 10:00:00-05:00,4510.0,4517.0,4510.0,4517.0,2.0,4513.5,2
276,2023-06-28 11:00:00-05:00,4520.0,4520.0,4500.0,4500.0,7.0,4507.725,7
277,2023-06-28 12:00:00-05:00,4501.0,4507.75,4501.0,4507.75,2.0,4504.375,2
278,2023-06-28 13:00:00-05:00,4511.25,4511.25,4511.25,4511.25,1.0,4511.25,1
279,2023-06-28 14:00:00-05:00,4515.0,4515.0,4515.0,4515.0,1.0,4515.0,1
280,2023-06-28 15:00:00-05:00,4520.0,4520.0,4520.0,4520.0,1.0,4520.0,1
281,2023-06-29 08:30:00-05:00,4513.0,4513.0,4513.0,4513.0,0.0,4513.0,0
282,2023-06-29 09:00:00-05:00,4512.0,4512.0,4512.0,4512.0,1.0,4512.0,1
283,2023-06-29 10:00:00-05:00,4522.0,4522.0,4522.0,4522.0,1.0,4522.0,1
284,2023-06-29 11:00:00-05:00,4522.0,4522.0,4522.0,4522.0,0.0,4522.0,0
285,2023-06-29 12:00:00-05:00,4528.0,4528.0,4524.25,4524.25,3.0,4526.0,3
286,2023-06-29 13:00:00-05:00,4518.75,4524.25,4518.75,4524.25,2.0,4521.5,2
287,2023-06-29 14:00:00-05:00,4524.25,4524.25,4524.25,4524.25,0.0,4524.25,0
288,2023-06-29 15:00:00-05:00,4524.25,4524.25,4524.25,4524.25,0.0,4524.25,0
289,2023-06-30 09:00:00-05:00,4582.5,4582.5,4580.0,4580.0,2.0,4581.25,2
290,2023-06-30 10:00:00-05:00,4580.0,4580.0,4580.0,4580.0,0.0,4580.0,0
291,2023-06-30 11:00:00-05:00,4578.5,4588.5,4578.5,4588.5,2.0,4583.5,2
292,2023-06-30 12:00:00-05:00,4590.25,4590.25,4590.25,4590.25,1.0,4590.25,1
293,2023-06-30 13:00:00-05:00,4591.0,4591.0,4591.0,4591.0,1.0,4591.0,1
294,2023-06-30 14:00:00-05:00,4595.0,4595.0,4595.0,4595.0,2.0,4595.0,1
295,2023-06-30 15:00:00-05:00,4581.0,4581.25,4581.0,4581.25,2.0,4581.125,2
296,2023-07-03 08:30:00-05:00,4588.25,4588.25,4588.25,4588.25,1.0,4588.25,1
297,2023-07-03 09:00:00-05:00,4584.5,4584.5,4584.5,4584.5,1.0,4584.5,1
298,2023-07-03 10:00:00-05:00,4586.5,4588.0,4586.5,4588.0,2.0,4587.25,2
299,2023-07-03 11:00:00-05:00,4588.0,4588.0,4588.0,4588.0,0.0,4588.0,0
300,2023-07-05 08:30:00-05:00,4582.0,4582.0,4582.0,4582.0,1.0,4582.0,1
301,2023-07-05 09:00:00-05:00,4582.0,4582.0,4582.0,4582.0,0.0,4582.0,0
302,2023-07-05 10:00:00-05:00,4582.0,4582.0,4582.0,4582.0,0.0,4582.0,0
303,2023-07-05 11:00:00-05:00,4581.0,4581.0,4581.0,4581.0,1.0,4581.0,1
304,2023-07-05 12:00:00-05:00,4581.0,4581.0,4581.0,4581.0,0.0,4581.0,0
305,2023-07-05 13:00:00-05:00,4577.0,4577.0,4576.0,4576.0,2.0,4576.5,2
306,2023-07-05 14:00:00-05:00,4576.0,4576.0,4576.0,4576.0,0.0,4576.0,0
307,2023-07-05 15:00:00-05:00,4576.0,4576.0,4576.0,4576.0,0.0,4576.0,0
308,2023-07-06 08:30:00-05:00,4538.75,4538.75,4538.75,4538.75,1.0,4538.75,1
309,2023-07-06 09:00:00-05:00,4522.0,4524.0,4522.0,4524.0,3.0,4523.0,3
310,2023-07-06 10:00:00-05:00,4525.0,4530.25,4525.0,4528.0,9.0,4527.8,9
311,2023-07-06 11:00:00-05:00,4533.5,4533.5,4533.5,4533.5,1.0,4533.5,1
312,2023-07-06 12:00:00-05:00,4542.0,4542.0,4542.0,4542.0,1.0,4542.0,1
313,2023-07-06 13:00:00-05:00,4542.0,4542.0,4542.0,4542.0,0.0,4542.0,0
314,2023-07-06 14:00:00-05:00,4542.0,4542.0,4542.0,4542.0,0.0,4542.0,0
315,2023-07-06 15:00:00-05:00,4542.0,4542.0,4542.0,4542.0,0.0,4542.0,0
316,2023-07-07 08:30:00-05:00,4536.25,4536.25,4536.25,4536.25,0.0,4536.25,0
317,2023-07-07 09:00:00-05:00,4536.25,4536.25,4536.25,4536.25,0.0,4536.25,0
318,2023-07-07 10:00:00-05:00,4536.25,4536.25,4536.25,4536.25,0.0,4536.25,0
319,2023-07-07 11:00:00-05:00,4555.0,4569.0,4555.0,4569.0,2.0,4562.0,2
320,2023-07-07 12:00:00-05:00,4566.75,4566.75,4566.75,4566.75,1.0,4566.75,1
321,2023-07-07 13:00:00-05:00,4566.75,4566.75,4566.75,4566.75,0.0,4566.75,0
322,2023-07-07 14:00:00-05:00,4540.0,4540.0,4540.0,4540.0,1.0,4540.0,1
323,2023-07-07 15:00:00-05:00,4540.0,4540.0,4540.0,4540.0,0.0,4540.0,0
324,2023-07-10 08:30:00-05:00,4517.0,4517.0,4517.0,4517.0,0.0,4517.0,0
325,2023-07-10 09:00:00-05:00,4533.5,4533.5,4533.5,4533.5,1.0,4533.5,1
326,2023-07-10 10:00:00-05:00,4533.5,4533.5,4533.5,4533.5,0.0,4533.5,0
327,2023-07-10 11:00:00-05:00,4533.5,4533.5,4533.5,4533.5,0.0,4533.5,0
328,2023-07-10 12:00:00-05:00,4533.5,4533.5,4533.5,4533.5,0.0,4533.5,0
329,2023-07-10 13:00:00-05:00,4537.0,4537.0,4537.0,4537.0,1.0,4537.0,1
330,2023-07-10 14:00:00-05:00,4535.0,4535.0,4535.0,4535.0,1.0,4535.0,1
331,2023-07-10 15:00:00-05:00,4535.0,4535.0,4535.0,4535.0,0.0,4535.0,0
332,2023-07-11 10:00:00-05:00,4552.5,4553.0,4552.5,4553.0,2.0,4552.75,2
333,2023-07-11 11:00:00-05:00,4553.0,4553.0,4553.0,4553.0,0.0,4553.0,0
334,2023-07-11 12:00:00-05:00,4553.0,4553.0,4553.0,4553.0,0.0,4553.0,0
335,2023-07-11 13:00:00-05:00,4553.0,4553.0,4553.0,4553.0,0.0,4553.0,0
336,2023-07-11 14:00:00-05:00,4553.0,4553.0,4553.0,4553.0,0.0,4553.0,0
337,2023-07-11 15:00:00-05:00,4553.0,4553.0,4553.0,4553.0,0.0,4553.0,0
338,2023-07-12 09:00:00-05:00,4613.25,4613.25,4613.25,4613.25,1.0,4613.25,1
339,2023-07-12 10:00:00-05:00,4611.0,4611.0,4600.5,4600.5,6.0,4607.5,2
340,2023-07-12 11:00:00-05:00,4601.25,4601.25,4601.25,4601.25,3.0,4601.25,1
341,2023-07-12 12:00:00-05:00,4601.25,4601.25,4601.25,4601.25,0.0,4601.25,0
342,2023-07-12 13:00:00-05:00,4601.25,4601.25,4601.25,4601.25,0.0,4601.25,0
343,2023-07-12 14:00:00-05:00,4601.25,4601.25,4601.25,4601.25,0.0,4601.25,0
344,2023-07-12 15:00:00-05:00,4610.75,4610.75,4610.75,4610.75,1.0,4610.75,1
345,2023-07-13 08:30:00-05:00,4620.5,4620.5,4620.5,4620.5,0.0,4620.5,0
346,2023-07-13 09:00:00-05:00,4620.5,4620.5,4620.5,4620.5,0.0,4620.5,0
347,2023-07-13 10:00:00-05:00,4620.5,4620.5,4620.5,4620.5,0.0,4620.5,0
348,2023-07-13 11:00:00-05:00,4635.25,4635.25,4635.25,4635.25,1.0,4635.25,1
349,2023-07-13 12:00:00-05:00,4635.25,4635.25,4635.25,4635.25,0.0,4635.25,0
350,2023-07-13 13:00:00-05:00,4635.25,4635.25,4635.25,4635.25,0.0,4635.25,0
351,2023-07-13 14:00:00-05:00,4643.75,4649.0,4643.75,4644.5,31.0,4648.0,9
352,2023-07-13 15:00:00-05:00,4644.5,4644.5,4644.5,4644.5,0.0,4644.5,0
353,2023-07-14 08:30:00-05:00,4655.0,4655.0,4655.0,4655.0,1.0,4655.0,1
354,2023-07-14 09:00:00-05:00,4656.25,4656.25,4656.25,4656.25,1.0,4656.25,1
355,2023-07-14 10:00:00-05:00,4656.25,4656.25,4656.25,4656.25,0.0,4656.25,0
356,2023-07-14 11:00:00-05:00,4645.0,4645.0,4645.0,4645.0,1.0,4645.0,1
357,2023-07-14 12:00:00-05:00,4645.0,4645.0,4645.0,4645.0,1.0,4645.0,1
358,2023-07-14 13:00:00-05:00,4650.0,4650.0,4650.0,4650.0,5.0,4650.0,1
359,2023-07-14 14:00:00-05:00,4640.5,4640.5,4640.5,4640.5,1.0,4640.5,1
360,2023-07-14 15:00:00-05:00,4640.5,4640.5,4640.5,4640.5,0.0,4640.5,0
361,2023-07-17 11:00:00-05:00,4650.0,4650.25,4650.0,4650.25,4.0,4650.075,3
362,2023-07-17 12:00:00-05:00,4650.25,4650.25,4650.25,4650.25,0.0,4650.25,0
363,2023-07-17 13:00:00-05:00,4656.0,4656.0,4656.0,4656.0,5.0,4656.0,1
364,2023-07-17 14:00:00-05:00,4660.0,4660.0,4660.0,4660.0,1.0,4660.0,1
365,2023-07-17 15:00:00-05:00,4660.0,4660.0,4660.0,4660.0,0.0,4660.0,0
366,2023-07-18 08:30:00-05:00,4659.75,4659.75,4659.75,4659.75,1.0,4659.75,1
367,2023-07-18 09:00:00-05:00,4665.0,4665.0,4665.0,4665.0,1.0,4665.0,1
368,2023-07-18 10:00:00-05:00,4665.0,4665.0,4665.0,4665.0,0.0,4665.0,0
369,2023-07-18 11:00:00-05:00,4675.25,4675.25,4675.25,4675.25,1.0,4675.25,1
370,2023-07-18 12:00:00-05:00,4680.0,4680.0,4680.0,4680.0,1.0,4680.0,1
371,2023-07-18 13:00:00-05:00,4685.0,4688.0,4685.0,4688.0,4.0,4686.45,3
372,2023-07-18 14:00:00-05:00,4688.0,4688.0,4688.0,4688.0,0.0,4688.0,0
373,2023-07-18 15:00:00-05:00,4688.0,4688.0,4688.0,4688.0,0.0,4688.0,0
374,2023-07-19 08:30:00-05:00,4706.25,4707.0,4705.5,4705.5,16.0,4706.25,4
375,2023-07-19 09:00:00-05:00,4705.25,4705.25,4703.25,4703.25,5.0,4703.7,3
376,2023-07-19 10:00:00-05:00,4703.25,4703.25,4703.25,4703.25,0.0,4703.25,0
377,2023-07-19 11:00:00-05:00,4703.25,4703.25,4703.25,4703.25,0.0,4703.25,0
378,2023-07-19 12:00:00-05:00,4695.0,4695.0,4695.0,4695.0,1.0,4695.0,1
379,2023-07-19 13:00:00-05:00,4695.0,4695.0,4695.0,4695.0,0.0,4695.0,0
380,2023-07-19 14:00:00-05:00,4695.0,4695.0,4695.0,4695.0,0.0,4695.0,0
381,2023-07-19 15:00:00-05:00,4696.75,4696.75,4696.75,4696.75,1.0,4696.75,1
382,2023-07-20 08:30:00-05:00,4693.0,4693.0,4693.0,4693.0,1.0,4693.0,1
383,2023-07-20 09:00:00-05:00,4693.0,4693.0,4693.0,4693.0,0.0,4693.0,0
384,2023-07-20 10:00:00-05:00,4693.0,4693.0,4693.0,4693.0,0.0,4693.0,0
385,2023-07-20 11:00:00-05:00,4693.0,4693.0,4693.0,4693.0,0.0,4693.0,0
386,2023-07-20 12:00:00-05:00,4682.0,4682.0,4682.0,4682.0,1.0,4682.0,1
387,2023-07-20 13:00:00-05:00,4682.0,4682.0,4682.0,4682.0,0.0,4682.0,0
388,2023-07-20 14:00:00-05:00,4665.0,4665.0,4665.0,4665.0,6.0,4665.0,3
389,2023-07-20 15:00:00-05:00,4665.0,4665.0,4665.0,4665.0,0.0,4665.0,0
390,2023-07-21 08:30:00-05:00,4678.25,4678.25,4678.25,4678.25,0.0,4678.25,0
391,2023-07-21 09:00:00-05:00,4671.5,4671.5,4669.75,4669.75,2.0,4670.625,2
392,2023-07-21 10:00:00-05:00,4683.0,4684.5,4681.5,4681.5,3.0,4683.0,3
393,2023-07-21 11:00:00-05:00,4673.5,4673.5,4673.5,4673.5,2.0,4673.5,2
394,2023-07-21 12:00:00-05:00,4673.5,4673.5,4673.5,4673.5,0.0,4673.5,0
395,2023-07-21 13:00:00-05:00,4682.0,4682.0,4682.0,4682.0,1.0,4682.0,1
396,2023-07-21 14:00:00-05:00,4682.0,4682.0,4682.0,4682.0,0.0,4682.0,0
397,2023-07-21 15:00:00-05:00,4666.5,4666.5,4665.0,4665.0,3.0,4666.0,3
398,2023-07-24 08:30:00-05:00,4685.0,4685.0,4674.75,4674.75,4.0,4679.875,3
399,2023-07-24 09:00:00-05:00,4677.0,4677.0,4677.0,4677.0,1.0,4677.0,1
400,2023-07-24 10:00:00-05:00,4677.0,4677.0,4677.0,4677.0,0.0,4677.0,0
401,2023-07-24 11:00:00-05:00,4677.0,4677.0,4677.0,4677.0,0.0,4677.0,0
402,2023-07-24 12:00:00-05:00,4677.0,4677.0,4677.0,4677.0,0.0,4677.0,0
403,2023-07-24 13:00:00-05:00,4677.0,4677.0,4677.0,4677.0,0.0,4677.0,0
404,2023-07-24 14:00:00-05:00,4677.0,4677.0,4677.0,4677.0,0.0,4677.0,0
405,2023-07-24 15:00:00-05:00,4677.0,4677.0,4677.0,4677.0,0.0,4677.0,0
406,2023-07-25 08:30:00-05:00,4687.0,4687.0,4687.0,4687.0,0.0,4687.0,0
407,2023-07-25 09:00:00-05:00,4687.0,4687.0,4687.0,4687.0,0.0,4687.0,0
408,2023-07-25 10:00:00-05:00,4696.0,4701.5,4696.0,4701.5,4.0,4698.875,4
409,2023-07-25 11:00:00-05:00,4701.5,4701.5,4701.5,4701.5,0.0,4701.5,0
410,2023-07-25 12:00:00-05:00,4703.75,4703.75,4703.75,4703.75,1.0,4703.75,1
411,2023-07-25 13:00:00-05:00,4709.0,4709.0,4709.0,4709.0,1.0,4709.0,1
412,2023-07-25 14:00:00-05:00,4709.0,4709.0,4709.0,4709.0,0.0,4709.0,0
413,2023-07-25 15:00:00-05:00,4709.0,4709.0,4709.0,4709.0,0.0,4709.0,0
414,2023-07-26 08:30:00-05:00,4703.0,4703.0,4703.0,4703.0,0.0,4703.0,0
415,2023-07-26 09:00:00-05:00,4703.0,4703.0,4703.0,4703.0,0.0,4703.0,0
416,2023-07-26 10:00:00-05:00,4703.0,4703.0,4703.0,4703.0,0.0,4703.0,0
417,2023-07-26 11:00:00-05:00,4703.0,4703.0,4703.0,4703.0,0.0,4703.0,0
418,2023-07-26 12:00:00-05:00,4703.0,4703.0,4703.0,4703.0,0.0,4703.0,0
419,2023-07-26 13:00:00-05:00,4688.5,4699.0,4688.5,4699.0,7.0,4692.525,5
420,2023-07-26 14:00:00-05:00,4706.25,4706.25,4687.0,4687.25,4.0,4691.875,3
421,2023-07-26 15:00:00-05:00,4703.75,4703.75,4703.75,4703.75,1.0,4703.75,1
422,2023-07-27 08:30:00-05:00,4732.5,4732.5,4732.5,4732.5,1.0,4732.5,1
423,2023-07-27 09:00:00-05:00,4724.0,4724.0,4724.0,4724.0,1.0,4724.0,1
424,2023-07-27 10:00:00-05:00,4724.0,4724.0,4724.0,4724.0,0.0,4724.0,0
425,2023-07-27 11:00:00-05:00,4727.25,4728.25,4727.25,4728.25,2.0,4727.75,2
426,2023-07-27 12:00:00-05:00,4720.0,4720.0,4720.0,4720.0,1.0,4720.0,1
427,2023-07-27 13:00:00-05:00,4690.0,4690.0,4676.5,4677.5,4.0,4680.375,3
428,2023-07-27 14:00:00-05:00,4662.5,4662.5,4662.5,4662.5,1.0,4662.5,1
429,2023-07-27 15:00:00-05:00,4671.0,4671.0,4671.0,4671.0,1.0,4671.0,1
430,2023-07-28 08:30:00-05:00,4688.0,4688.0,4688.0,4688.0,0.0,4688.0,0
431,2023-07-28 09:00:00-05:00,4710.0,4711.25,4710.0,4710.0,3.0,4710.425,3
432,2023-07-28 10:00:00-05:00,4719.0,4719.0,4719.0,4719.0,2.0,4719.0,2
433,2023-07-28 11:00:00-05:00,4719.0,4719.0,4719.0,4719.0,0.0,4719.0,0
434,2023-07-28 12:00:00-05:00,4709.0,4709.0,4700.0,4700.0,2.0,4704.5,2
435,2023-07-28 13:00:00-05:00,4700.0,4700.0,4700.0,4700.0,0.0,4700.0,0
436,2023-07-28 14:00:00-05:00,4709.0,4710.0,4709.0,4710.0,2.0,4709.5,2
437,2023-07-28 15:00:00-05:00,4710.0,4710.0,4710.0,4710.0,0.0,4710.0,0
438,2023-07-31 08:30:00-05:00,4722.0,4722.0,4722.0,4722.0,0.0,4722.0,0
439,2023-07-31 09:00:00-05:00,4717.75,4717.75,4717.75,4717.75,1.0,4717.75,1
440,2023-07-31 10:00:00-05:00,4719.75,4719.75,4711.25,4711.25,2.0,4715.5,2
441,2023-07-31 11:00:00-05:00,4711.25,4711.25,4711.25,4711.25,0.0,4711.25,0
442,2023-07-31 12:00:00-05:00,4711.25,4711.25,4711.25,4711.25,0.0,4711.25,0
443,2023-07-31 13:00:00-05:00,4711.25,4711.25,4711.25,4711.25,0.0,4711.25,0
444,2023-07-31 14:00:00-05:00,4708.0,4720.75,4708.0,4720.75,4.0,4713.0,4
445,2023-07-31 15:00:00-05:00,4720.75,4720.75,4720.75,4720.75,0.0,4720.75,0
446,2023-08-01 08:30:00-05:00,4708.0,4708.0,4708.0,4708.0,0.0,4708.0,0
447,2023-08-01 09:00:00-05:00,4708.0,4708.0,4708.0,4708.0,0.0,4708.0,0
448,2023-08-01 10:00:00-05:00,4702.25,4702.25,4702.25,4702.25,1.0,4702.25,1
449,2023-08-01 11:00:00-05:00,4702.25,4702.25,4702.25,4702.25,0.0,4702.25,0
450,2023-08-01 12:00:00-05:00,4702.25,4702.25,4702.25,4702.25,0.0,4702.25,0
451,2023-08-01 13:00:00-05:00,4702.25,4702.25,4702.25,4702.25,0.0,4702.25,0
452,2023-08-01 14:00:00-05:00,4702.25,4702.25,4702.25,4702.25,0.0,4702.25,0
453,2023-08-01 15:00:00-05:00,4702.25,4702.25,4702.25,4702.25,0.0,4702.25,0
454,2023-08-02 08:30:00-05:00,4665.0,4665.0,4665.0,4665.0,2.0,4665.0,1
455,2023-08-02 09:00:00-05:00,4650.0,4650.0,4649.0,4649.0,3.0,4649.325,2
456,2023-08-02 10:00:00-05:00,4649.25,4653.75,4647.75,4649.0,12.0,4649.0,7
457,2023-08-02 11:00:00-05:00,4641.0,4648.5,4640.5,4648.5,6.0,4643.675,6
458,2023-08-02 12:00:00-05:00,4653.0,4653.0,4653.0,4653.0,1.0,4653.0,1
459,2023-08-02 13:00:00-05:00,4653.0,4653.0,4653.0,4653.0,0.0,4653.0,0
460,2023-08-02 14:00:00-05:00,4640.5,4640.5,4640.5,4640.5,1.0,4640.5,1
461,2023-08-02 15:00:00-05:00,4640.5,4640.5,4640.5,4640.5,0.0,4640.5,0
462,2023-08-03 08:30:00-05:00,4626.0,4626.0,4626.0,4626.0,0.0,4626.0,0
463,2023-08-03 09:00:00-05:00,4626.75,4626.75,4612.25,4620.5,4.0,4621.25,4
464,2023-08-03 10:00:00-05:00,4620.5,4620.5,4620.5,4620.5,0.0,4620.5,0
465,2023-08-03 11:00:00-05:00,4640.0,4640.0,4640.0,4640.0,1.0,4640.0,1
466,2023-08-03 12:00:00-05:00,4640.0,4640.0,4640.0,4640.0,0.0,4640.0,0
467,2023-08-03 13:00:00-05:00,4640.0,4640.0,4640.0,4640.0,0.0,4640.0,0
468,2023-08-03 14:00:00-05:00,4640.0,4640.0,4640.0,4640.0,0.0,4640.0,0
469,2023-08-03 15:00:00-05:00,4639.75,4640.75,4635.75,4640.5,5.0,4638.7,5
470,2023-08-04 08:30:00-05:00,4645.0,4645.0,4645.0,4645.0,0.0,4645.0,0
471,2023-08-04 09:00:00-05:00,4628.0,4635.5,4628.0,4635.5,2.0,4631.75,2
472,2023-08-04 10:00:00-05:00,4635.5,4635.5,4635.5,4635.5,0.0,4635.5,0
473,2023-08-04 11:00:00-05:00,4664.75,4664.75,4664.75,4664.75,1.0,4664.75,1
474,2023-08-04 12:00:00-05:00,4659.75,4659.75,4659.75,4659.75,1.0,4659.75,1
475,2023-08-04 13:00:00-05:00,4638.0,4638.0,4605.0,4605.0,5.0,4622.5,5
476,2023-08-04 14:00:00-05:00,4609.0,4609.5,4600.0,4600.0,6.0,4603.925,6
477,2023-08-04 15:00:00-05:00,4600.0,4600.0,4600.0,4600.0,0.0,4600.0,0
478,2023-08-07 08:30:00-05:00,4621.75,4621.75,4621.75,4621.75,0.0,4621.75,0
479,2023-08-07 09:00:00-05:00,4621.75,4621.75,4621.75,4621.75,0.0,4621.75,0
480,2023-08-07 10:00:00-05:00,4623.0,4623.0,4623.0,4623.0,1.0,4623.0,1
481,2023-08-07 11:00:00-05:00,4623.0,4623.0,4623.0,4623.0,0.0,4623.0,0
482,2023-08-07 12:00:00-05:00,4633.5,4633.5,4633.5,4633.5,1.0,4633.5,1
483,2023-08-07 13:00:00-05:00,4633.5,4633.5,4633.5,4633.5,0.0,4633.5,0
484,2023-08-07 14:00:00-05:00,4638.0,4638.0,4638.0,4638.0,1.0,4638.0,1
485,2023-08-07 15:00:00-05:00,4638.0,4638.0,4638.0,4638.0,0.0,4638.0,0
486,2023-08-08 08:30:00-05:00,4614.0,4614.0,4595.0,4595.0,3.0,4601.325,2
487,2023-08-08 09:00:00-05:00,4594.0,4594.0,4590.0,4590.0,2.0,4592.0,2
488,2023-08-08 10:00:00-05:00,4592.0,4592.0,4592.0,4592.0,2.0,4592.0,1
489,2023-08-08 11:00:00-05:00,4592.0,4592.0,4592.0,4592.0,0.0,4592.0,0
490,2023-08-08 12:00:00-05:00,4600.5,4600.5,4600.5,4600.5,1.0,4600.5,1
491,2023-08-08 13:00:00-05:00,4610.0,4610.0,4610.0,4610.0,1.0,4610.0,1
492,2023-08-08 14:00:00-05:00,4610.0,4610.0,4610.0,4610.0,0.0,4610.0,0
493,2023-08-08 15:00:00-05:00,4610.0,4610.0,4610.0,4610.0,0.0,4610.0,0
494,2023-08-09 08:30:00-05:00,4615.5,4615.5,4613.25,4613.25,3.0,4614.0,2
495,2023-08-09 09:00:00-05:00,4616.5,4616.5,4605.0,4605.0,2.0,4610.75,2
496,2023-08-09 10:00:00-05:00,4591.5,4593.0,4584.5,4584.5,10.0,4590.075,7
497,2023-08-09 11:00:00-05:00,4587.5,4587.5,4587.25,4587.25,3.0,4587.325,2
498,2023-08-09 12:00:00-05:00,4587.25,4587.25,4587.25,4587.25,0.0,4587.25,0
499,2023-08-09 13:00:00-05:00,4607.75,4607.75,4607.75,4607.75,1.0,4607.75,1
500,2023-08-09 14:00:00-05:00,4608.5,4611.5,4587.75,4587.75,10.0,4605.725,5
501,2023-08-09 15:00:00-05:00,4587.75,4587.75,4587.75,4587.75,0.0,4587.75,0
502,2023-08-10 08:30:00-05:00,4617.5,4639.25,4617.5,4639.25,10.0,4634.225,4
503,2023-08-10 09:00:00-05:00,4644.5,4644.5,4634.25,4634.25,7.0,4641.175,5
504,2023-08-10 10:00:00-05:00,4611.5,4621.25,4603.25,4603.25,3.0,4612.0,3
505,2023-08-10 11:00:00-05:00,4603.0,4603.0,4599.75,4600.0,3.0,4600.925,3
506,2023-08-10 12:00:00-05:00,4600.0,4600.0,4600.0,4600.0,0.0,4600.0,0
507,2023-08-10 13:00:00-05:00,4590.0,4590.0,4590.0,4590.0,1.0,4590.0,1
508,2023-08-10 14:00:00-05:00,4587.0,4587.0,4587.0,4587.0,1.0,4587.0,1
509,2023-08-10 15:00:00-05:00,4587.0,4587.0,4587.0,4587.0,0.0,4587.0,0
510,2023-08-11 08:30:00-05:00,4575.75,4575.75,4575.75,4575.75,0.0,4575.75,0
511,2023-08-11 09:00:00-05:00,4571.75,4581.75,4571.75,4580.0,6.0,4576.2,5
512,2023-08-11 10:00:00-05:00,4583.0,4583.0,4575.0,4575.0,2.0,4579.0,2
513,2023-08-11 11:00:00-05:00,4581.0,4581.0,4577.75,4577.75,2.0,4579.375,2
514,2023-08-11 12:00:00-05:00,4582.5,4582.5,4582.5,4582.5,1.0,4582.5,1
515,2023-08-11 13:00:00-05:00,4582.5,4582.5,4582.5,4582.5,0.0,4582.5,0
516,2023-08-11 14:00:00-05:00,4588.5,4588.5,4588.5,4588.5,1.0,4588.5,1
517,2023-08-11 15:00:00-05:00,4588.5,4588.5,4588.5,4588.5,0.0,4588.5,0
518,2023-08-14 08:30:00-05:00,4573.5,4578.0,4573.5,4578.0,2.0,4575.75,2
519,2023-08-14 09:00:00-05:00,4600.5,4600.5,4600.5,4600.5,1.0,4600.5,1
520,2023-08-14 10:00:00-05:00,4600.5,4600.5,4600.5,4600.5,0.0,4600.5,0
521,2023-08-14 11:00:00-05:00,4600.5,4600.5,4600.5,4600.5,0.0,4600.5,0
522,2023-08-14 12:00:00-05:00,4600.5,4600.5,4600.5,4600.5,0.0,4600.5,0
523,2023-08-14 13:00:00-05:00,4595.0,4595.0,4595.0,4595.0,1.0,4595.0,1
524,2023-08-14 14:00:00-05:00,4601.0,4601.0,4601.0,4601.0,1.0,4601.0,1
525,2023-08-14 15:00:00-05:00,4601.0,4601.0,4601.0,4601.0,0.0,4601.0,0
526,2023-08-15 08:30:00-05:00,4579.0,4579.0,4578.5,4578.5,6.0,4578.825,3
527,2023-08-15 09:00:00-05:00,4566.75,4567.25,4566.5,4566.5,8.0,4566.975,4
528,2023-08-15 10:00:00-05:00,4575.0,4575.0,4575.0,4575.0,1.0,4575.0,1
529,2023-08-15 11:00:00-05:00,4572.0,4572.0,4570.0,4570.0,3.0,4570.675,2
530,2023-08-15 12:00:00-05:00,4568.25,4568.25,4568.25,4568.25,1.0,4568.25,1
531,2023-08-15 13:00:00-05:00,4565.0,4568.25,4565.0,4568.25,3.0,4567.175,2
532,2023-08-15 14:00:00-05:00,4548.75,4548.75,4548.75,4548.75,1.0,4548.75,1
533,2023-08-15 15:00:00-05:00,4558.75,4558.75,4558.75,4558.75,1.0,4558.75,1
534,2023-08-16 08:30:00-05:00,4561.0,4565.0,4561.0,4565.0,2.0,4563.0,2
535,2023-08-16 09:00:00-05:00,4565.0,4565.0,4565.0,4565.0,0.0,4565.0,0
536,2023-08-16 10:00:00-05:00,4563.0,4563.0,4549.75,4549.75,6.0,4554.2,4
537,2023-08-16 11:00:00-05:00,4545.0,4545.0,4545.0,4545.0,1.0,4545.0,1
538,2023-08-16 12:00:00-05:00,4545.0,4545.0,4545.0,4545.0,0.0,4545.0,0
539,2023-08-16 13:00:00-05:00,4533.75,4538.0,4533.75,4538.0,2.0,4535.875,2
540,2023-08-16 14:00:00-05:00,4525.25,4525.25,4520.0,4520.0,2.0,4522.625,2
541,2023-08-16 15:00:00-05:00,4520.0,4520.0,4520.0,4520.0,0.0,4520.0,0
542,2023-08-17 08:30:00-05:00,4532.5,4532.5,4521.5,4521.5,3.0,4526.825,3
543,2023-08-17 09:00:00-05:00,4521.5,4521.5,4521.5,4521.5,0.0,4521.5,0
544,2023-08-17 10:00:00-05:00,4521.5,4521.5,4521.5,4521.5,0.0,4521.5,0
545,2023-08-17 11:00:00-05:00,4518.5,4527.0,4518.5,4521.75,8.0,4523.225,5
546,2023-08-17 12:00:00-05:00,4512.25,4512.25,4506.25,4508.5,3.0,4509.0,3
547,2023-08-17 13:00:00-05:00,4501.5,4501.5,4501.5,4501.5,1.0,4501.5,1
548,2023-08-17 14:00:00-05:00,4481.5,4485.75,4481.5,4485.75,2.0,4483.625,2
549,2023-08-17 15:00:00-05:00,4485.75,4485.75,4485.75,4485.75,0.0,4485.75,0
550,2023-08-18 08:30:00-05:00,4474.75,4474.75,4474.75,4474.75,0.0,4474.75,0
551,2023-08-18 09:00:00-05:00,4474.75,4474.75,4474.75,4474.75,0.0,4474.75,0
552,2023-08-18 10:00:00-05:00,4472.75,4472.75,4472.0,4472.5,4.0,4472.325,3
553,2023-08-18 11:00:00-05:00,4480.5,4480.5,4477.5,4477.5,2.0,4479.0,2
554,2023-08-18 12:00:00-05:00,4477.5,4477.5,4477.5,4477.5,0.0,4477.5,0
555,2023-08-18 13:00:00-05:00,4477.5,4477.5,4477.5,4477.5,0.0,4477.5,0
556,2023-08-18 14:00:00-05:00,4480.0,4480.0,4480.0,4480.0,1.0,4480.0,1
557,2023-08-18 15:00:00-05:00,4481.0,4481.0,4481.0,4481.0,1.0,4481.0,1
558,2023-08-21 08:30:00-05:00,4503.75,4503.75,4496.5,4496.5,2.0,4500.125,2
559,2023-08-21 09:00:00-05:00,4485.0,4488.75,4484.25,4484.25,3.0,4486.0,3
560,2023-08-21 10:00:00-05:00,4487.25,4487.25,4472.5,4475.0,8.0,4477.65,7
561,2023-08-21 11:00:00-05:00,4487.25,4487.75,4487.25,4487.75,2.0,4487.5,2
562,2023-08-21 12:00:00-05:00,4487.75,4487.75,4487.75,4487.75,0.0,4487.75,0
563,2023-08-21 13:00:00-05:00,4504.5,4511.25,4503.25,4511.25,5.0,4508.3,3
564,2023-08-21 14:00:00-05:00,4512.5,4513.0,4512.0,4513.0,4.0,4512.625,3
565,2023-08-21 15:00:00-05:00,4513.0,4513.0,4513.0,4513.0,0.0,4513.0,0
566,2023-08-22 08:30:00-05:00,4516.75,4516.75,4516.75,4516.75,1.0,4516.75,1
567,2023-08-22 09:00:00-05:00,4516.75,4516.75,4516.75,4516.75,0.0,4516.75,0
568,2023-08-22 10:00:00-05:00,4511.0,4511.0,4511.0,4511.0,2.0,4511.0,1
569,2023-08-22 11:00:00-05:00,4505.25,4508.0,4505.25,4508.0,3.0,4507.075,2
570,2023-08-22 12:00:00-05:00,4500.0,4500.75,4500.0,4500.75,5.0,4500.45,3
571,2023-08-22 13:00:00-05:00,4500.75,4500.75,4500.75,4500.75,0.0,4500.75,0
572,2023-08-22 14:00:00-05:00,4501.0,4501.0,4501.0,4501.0,1.0,4501.0,1
573,2023-08-22 15:00:00-05:00,4501.0,4501.0,4501.0,4501.0,0.0,4501.0,0
574,2023-08-23 08:30:00-05:00,4513.75,4521.0,4513.75,4521.0,3.0,4518.075,3
575,2023-08-23 09:00:00-05:00,4519.5,4537.75,4519.5,4537.75,9.0,4530.45,5
576,2023-08-23 10:00:00-05:00,4535.0,4540.0,4535.0,4535.5,5.0,4536.55,5
577,2023-08-23 11:00:00-05:00,4539.75,4539.75,4539.75,4539.75,1.0,4539.75,1
578,2023-08-23 12:00:00-05:00,4545.0,4553.0,4545.0,4553.0,7.0,4547.975,5
579,2023-08-23 13:00:00-05:00,4550.25,4550.25,4545.0,4545.0,6.0,4547.95,4
580,2023-08-23 14:00:00-05:00,4548.75,4548.75,4548.75,4548.75,1.0,4548.75,1
581,2023-08-23 15:00:00-05:00,4554.75,4555.0,4554.75,4555.0,2.0,4554.875,2
582,2023-08-24 08:30:00-05:00,4560.0,4560.0,4554.75,4554.75,103.0,4559.875,8
583,2023-08-24 09:00:00-05:00,4545.0,4545.0,4531.0,4531.0,6.0,4537.05,6
584,2023-08-24 10:00:00-05:00,4520.0,4521.25,4508.0,4508.0,4.0,4515.45,4
585,2023-08-24 11:00:00-05:00,4508.0,4508.0,4508.0,4508.0,0.0,4508.0,0
586,2023-08-24 12:00:00-05:00,4512.0,4512.0,4512.0,4512.0,1.0,4512.0,1
587,2023-08-24 13:00:00-05:00,4506.0,4506.0,4506.0,4506.0,1.0,4506.0,1
588,2023-08-24 14:00:00-05:00,4505.0,4505.0,4490.5,4490.5,4.0,4496.625,4
589,2023-08-24 15:00:00-05:00,4483.0,4483.0,4480.5,4480.5,11.0,4480.8,3
590,2023-08-25 08:30:00-05:00,4504.0,4506.25,4504.0,4506.25,10.0,4505.1,3
591,2023-08-25 09:00:00-05:00,4506.25,4510.0,4470.5,4470.5,10.0,4489.6,10
592,2023-08-25 10:00:00-05:00,4472.25,4493.5,4472.25,4493.0,4.0,4485.95,4
593,2023-08-25 11:00:00-05:00,4493.0,4493.0,4493.0,4493.0,0.0,4493.0,0
594,2023-08-25 12:00:00-05:00,4492.0,4498.0,4492.0,4498.0,2.0,4495.0,2
595,2023-08-25 13:00:00-05:00,4502.5,4520.0,4502.5,4520.0,2.0,4511.25,2
596,2023-08-25 14:00:00-05:00,4525.0,4525.0,4525.0,4525.0,1.0,4525.0,1
597,2023-08-25 15:00:00-05:00,4525.0,4525.0,4525.0,4525.0,0.0,4525.0,0
598,2023-08-28 08:30:00-05:00,4525.0,4525.0,4525.0,4525.0,0.0,4525.0,0
599,2023-08-28 09:00:00-05:00,4542.5,4547.5,4530.75,4530.75,10.0,4537.925,7
600,2023-08-28 10:00:00-05:00,4535.25,4535.25,4525.25,4529.0,14.0,4528.9,12
601,2023-08-28 11:00:00-05:00,4527.75,4527.75,4527.75,4527.75,3.0,4527.75,2
602,2023-08-28 12:00:00-05:00,4547.0,4547.0,4547.0,4547.0,1.0,4547.0,1
603,2023-08-28 13:00:00-05:00,4533.75,4533.75,4533.75,4533.75,1.0,4533.75,1
604,2023-08-28 14:00:00-05:00,4533.25,4545.5,4533.25,4545.5,2.0,4539.375,2
605,2023-08-28 15:00:00-05:00,4545.5,4545.5,4545.5,4545.5,0.0,4545.5,0
606,2023-08-29 08:30:00-05:00,4557.0,4557.0,4554.0,4554.0,4.0,4555.325,4
607,2023-08-29 09:00:00-05:00,4562.0,4581.25,4562.0,4580.0,107.0,4576.625,14
608,2023-08-29 10:00:00-05:00,4580.0,4596.0,4580.0,4595.5,27.0,4593.925,6
609,2023-08-29 11:00:00-05:00,4600.0,4600.0,4597.75,4597.75,3.0,4598.5,2
610,2023-08-29 12:00:00-05:00,4600.0,4600.0,4595.25,4598.25,4.0,4597.75,4
611,2023-08-29 13:00:00-05:00,4601.25,4603.5,4599.0,4601.0,5.0,4601.25,5
612,2023-08-29 14:00:00-05:00,4601.0,4609.75,4599.5,4609.75,7.0,4602.525,5
613,2023-08-29 15:00:00-05:00,4609.75,4609.75,4609.75,4609.75,0.0,4609.75,0
614,2023-08-30 08:30:00-05:00,4621.0,4629.75,4616.25,4629.75,3.0,4622.325,3
615,2023-08-30 09:00:00-05:00,4616.0,4617.0,4608.5,4615.0,11.0,4613.175,8
616,2023-08-30 10:00:00-05:00,4615.0,4615.0,4615.0,4615.0,0.0,4615.0,0
617,2023-08-30 11:00:00-05:00,4629.75,4631.0,4627.0,4627.0,3.0,4629.25,3
618,2023-08-30 12:00:00-05:00,4629.0,4629.0,4629.0,4629.0,1.0,4629.0,1
619,2023-08-30 13:00:00-05:00,4618.0,4618.0,4618.0,4618.0,1.0,4618.0,1
620,2023-08-30 14:00:00-05:00,4624.5,4624.5,4624.5,4624.5,2.0,4624.5,1
621,2023-08-30 15:00:00-05:00,4631.25,4631.25,4631.25,4631.25,1.0,4631.25,1
622,2023-08-31 08:30:00-05:00,4632.0,4633.5,4632.0,4633.5,2.0,4632.75,2
623,2023-08-31 09:00:00-05:00,4639.0,4639.0,4639.0,4639.0,1.0,4639.0,1
624,2023-08-31 10:00:00-05:00,4636.75,4636.75,4636.75,4636.75,1.0,4636.75,1
625,2023-08-31 11:00:00-05:00,4636.75,4636.75,4636.75,4636.75,0.0,4636.75,0
626,2023-08-31 12:00:00-05:00,4629.5,4629.5,4629.0,4629.0,5.0,4629.4,4
627,2023-08-31 13:00:00-05:00,4628.75,4628.75,4628.75,4628.75,1.0,4628.75,1
628,2023-08-31 14:00:00-05:00,4626.25,4629.0,4621.0,4621.0,7.0,4626.1,7
629,2023-08-31 15:00:00-05:00,4621.0,4621.0,4621.0,4621.0,0.0,4621.0,0
630,2023-09-01 08:30:00-05:00,4648.0,4648.0,4648.0,4648.0,0.0,4648.0,0
631,2023-09-01 09:00:00-05:00,4632.0,4635.25,4621.25,4621.25,8.0,4628.85,8
632,2023-09-01 10:00:00-05:00,4622.25,4622.5,4622.25,4622.5,2.0,4622.375,2
633,2023-09-01 11:00:00-05:00,4621.0,4621.0,4621.0,4621.0,1.0,4621.0,1
634,2023-09-01 12:00:00-05:00,4617.75,4617.75,4617.75,4617.75,2.0,4617.75,2
635,2023-09-01 13:00:00-05:00,4613.5,4613.5,4612.25,4612.25,4.0,4612.875,3
636,2023-09-01 14:00:00-05:00,4612.25,4612.25,4612.25,4612.25,0.0,4612.25,0
637,2023-09-01 15:00:00-05:00,4622.25,4622.25,4622.0,4622.0,10.0,4622.05,4
638,2023-09-05 08:30:00-05:00,4619.0,4619.0,4619.0,4619.0,1.0,4619.0,1
639,2023-09-05 09:00:00-05:00,4607.0,4615.5,4603.5,4611.5,10.0,4609.825,9
640,2023-09-05 10:00:00-05:00,4619.5,4621.5,4612.0,4612.0,19.0,4617.025,18
641,2023-09-05 11:00:00-05:00,4619.25,4619.25,4619.25,4619.25,4.0,4619.25,1
642,2023-09-05 12:00:00-05:00,4611.5,4611.5,4611.5,4611.5,1.0,4611.5,1
643,2023-09-05 13:00:00-05:00,4616.0,4616.25,4616.0,4616.25,2.0,4616.125,2
644,2023-09-05 14:00:00-05:00,4616.25,4616.25,4616.25,4616.25,0.0,4616.25,0
645,2023-09-05 15:00:00-05:00,4603.25,4603.25,4603.25,4603.25,1.0,4603.25,1
646,2023-09-06 08:30:00-05:00,4592.0,4593.0,4592.0,4593.0,3.0,4592.675,2
647,2023-09-06 09:00:00-05:00,4590.0,4590.0,4569.0,4569.0,44.0,4579.125,11
648,2023-09-06 10:00:00-05:00,4569.0,4569.0,4565.0,4566.0,6.0,4566.7,6
649,2023-09-06 11:00:00-05:00,4566.25,4566.25,4558.0,4558.0,106.0,4560.1,7
650,2023-09-06 12:00:00-05:00,4550.0,4564.75,4550.0,4564.75,13.0,4558.225,7
651,2023-09-06 13:00:00-05:00,4563.5,4571.0,4563.5,4571.0,2.0,4567.25,2
652,2023-09-06 14:00:00-05:00,4567.5,4574.0,4567.5,4574.0,10.0,4571.625,10
653,2023-09-06 15:00:00-05:00,4574.0,4574.0,4574.0,4574.0,0.0,4574.0,0
654,2023-09-07 08:30:00-05:00,4536.75,4542.0,4536.75,4542.0,4.0,4539.375,2
655,2023-09-07 09:00:00-05:00,4537.25,4553.75,4536.0,4553.75,16.0,4542.15,11
656,2023-09-07 10:00:00-05:00,4551.25,4551.25,4551.25,4551.25,1.0,4551.25,1
657,2023-09-07 11:00:00-05:00,4556.5,4556.5,4555.5,4555.5,3.0,4555.825,2
658,2023-09-07 12:00:00-05:00,4557.5,4557.75,4557.5,4557.75,2.0,4557.625,2
659,2023-09-07 13:00:00-05:00,4553.25,4553.25,4553.25,4553.25,2.0,4553.25,1
660,2023-09-07 14:00:00-05:00,4554.5,4559.75,4554.5,4559.75,4.0,4557.125,3
661,2023-09-07 15:00:00-05:00,4554.5,4554.5,4554.5,4554.5,1.0,4554.5,1
662,2023-09-08 08:30:00-05:00,4566.0,4567.25,4562.25,4562.25,4.0,4565.375,4
663,2023-09-08 09:00:00-05:00,4568.75,4578.5,4568.75,4571.0,15.0,4572.3,12
664,2023-09-08 10:00:00-05:00,4568.0,4574.5,4568.0,4573.25,12.0,4572.8,7
665,2023-09-08 11:00:00-05:00,4569.5,4575.0,4567.0,4567.75,9.0,4569.85,8
666,2023-09-08 12:00:00-05:00,4567.25,4567.25,4567.25,4567.25,1.0,4567.25,1
667,2023-09-08 13:00:00-05:00,4567.75,4567.75,4557.75,4557.75,9.0,4561.65,5
668,2023-09-08 14:00:00-05:00,4554.0,4561.0,4554.0,4561.0,3.0,4557.675,3
669,2023-09-08 15:00:00-05:00,4565.25,4567.5,4565.25,4567.5,5.0,4566.15,4
670,2023-09-11 08:30:00-05:00,4593.0,4596.0,4580.0,4580.0,15.0,4586.375,10
671,2023-09-11 09:00:00-05:00,4580.75,4586.25,4574.0,4575.25,50.0,4577.925,24
672,2023-09-11 10:00:00-05:00,4575.75,4579.0,4572.75,4579.0,29.0,4578.25,10
673,2023-09-11 11:00:00-05:00,4580.25,4584.75,4580.25,4583.75,30.0,4582.325,15
674,2023-09-11 12:00:00-05:00,4587.75,4593.0,4587.75,4591.25,14.0,4591.85,9
675,2023-09-11 13:00:00-05:00,4591.5,4592.0,4589.5,4592.0,7.0,4591.225,7
676,2023-09-11 14:00:00-05:00,4591.5,4593.75,4591.0,4591.0,3.0,4592.075,3
677,2023-09-11 15:00:00-05:00,4593.75,4593.75,4592.25,4592.25,2.0,4593.0,2
678,2023-09-12 08:30:00-05:00,4580.0,4583.0,4580.0,4582.0,7.0,4581.9,7
679,2023-09-12 09:00:00-05:00,4582.0,4582.0,4570.0,4570.0,162.0,4571.425,65
680,2023-09-12 10:00:00-05:00,4568.75,4576.0,4567.75,4576.0,21.0,4570.5,17
681,2023-09-12 11:00:00-05:00,4579.0,4579.0,4579.0,4579.0,2.0,4579.0,1
682,2023-09-12 12:00:00-05:00,4585.0,4591.0,4578.75,4578.75,129.0,4589.15,38
683,2023-09-12 13:00:00-05:00,4575.0,4575.25,4566.0,4567.25,119.0,4574.325,23
684,2023-09-12 14:00:00-05:00,4566.25,4567.0,4561.0,4567.0,18.0,4564.15,16
685,2023-09-12 15:00:00-05:00,4566.0,4568.75,4565.75,4565.75,8.0,4567.225,8
686,2023-09-13 08:30:00-05:00,4568.5,4574.0,4568.5,4574.0,4.0,4570.575,4
687,2023-09-13 09:00:00-05:00,4573.75,4575.0,4557.0,4574.5,22.0,4565.3,20
688,2023-09-13 10:00:00-05:00,4578.25,4580.25,4572.0,4572.0,17.0,4577.875,12
689,2023-09-13 11:00:00-05:00,4573.5,4580.0,4573.25,4580.0,7.0,4576.175,4
690,2023-09-13 12:00:00-05:00,4580.0,4581.0,4578.25,4581.0,12.0,4580.325,7
691,2023-09-13 13:00:00-05:00,4576.5,4576.5,4564.5,4564.5,16.0,4572.925,11
692,2023-09-13 14:00:00-05:00,4564.75,4570.0,4558.75,4570.0,51.0,4564.025,25
693,2023-09-13 15:00:00-05:00,4573.0,4574.25,4573.0,4574.25,5.0,4573.75,2
694,2023-09-14 08:30:00-05:00,4592.0,4592.75,4584.25,4589.25,126.0,4588.325,62
695,2023-09-14 09:00:00-05:00,4589.25,4599.0,4580.75,4598.0,272.0,4589.225,97
696,2023-09-14 10:00:00-05:00,4600.0,4602.0,4593.75,4602.0,130.0,4598.0,75
697,2023-09-14 11:00:00-05:00,4601.0,4610.0,4600.0,4610.0,165.0,4604.825,62
698,2023-09-14 12:00:00-05:00,4608.5,4610.0,4606.5,4607.75,34.0,4608.1,19
699,2023-09-14 13:00:00-05:00,4604.25,4609.0,4603.25,4609.0,27.0,4607.225,7
700,2023-09-14 14:00:00-05:00,4610.5,4614.0,4607.0,4607.25,12.0,4609.125,12
701,2023-09-14 15:00:00-05:00,4608.25,4613.0,4608.25,4613.0,6.0,4610.875,6
702,2023-09-15 08:30:00-05:00,4591.0,4591.0,4577.5,4577.5,236.0,4585.8,76
703,2023-09-15 09:00:00-05:00,4582.5,4587.0,4564.0,4564.0,302.0,4573.975,92
704,2023-09-15 10:00:00-05:00,4562.5,4569.75,4560.25,4568.5,82.0,4567.0,20
705,2023-09-15 11:00:00-05:00,4569.25,4569.25,4566.0,4567.0,20.0,4567.775,18
706,2023-09-15 12:00:00-05:00,4560.75,4561.0,4548.0,4555.0,97.0,4553.45,64
707,2023-09-15 13:00:00-05:00,4554.75,4555.5,4548.75,4554.75,60.0,4552.85,41
708,2023-09-15 14:00:00-05:00,4552.5,4554.0,4545.5,4550.0,30.0,4548.925,23
709,2023-09-15 15:00:00-05:00,4552.5,4554.0,4549.75,4551.75,24.0,4551.825,21
710,2023-09-18 08:30:00-05:00,4545.0,4553.0,4542.0,4545.25,39.0,4547.775,30
711,2023-09-18 09:00:00-05:00,4547.0,4553.5,4543.5,4553.25,33.0,4550.35,29
712,2023-09-18 10:00:00-05:00,4550.25,4563.5,4549.0,4562.25,32.0,4558.45,24
713,2023-09-18 11:00:00-05:00,4562.5,4565.5,4558.5,4561.25,26.0,4562.25,20
714,2023-09-18 12:00:00-05:00,4560.25,4564.25,4558.0,4559.5,18.0,4560.55,11
715,2023-09-18 13:00:00-05:00,4557.0,4558.5,4549.0,4551.5,28.0,4555.25,17
716,2023-09-18 14:00:00-05:00,4551.0,4552.75,4548.0,4552.75,63.0,4550.1,34
717,2023-09-18 15:00:00-05:00,4553.5,4554.0,4553.0,4554.0,6.0,4553.75,5
718,2023-09-19 08:30:00-05:00,4540.75,4545.0,4537.5,4537.5,29.0,4540.9,23
719,2023-09-19 09:00:00-05:00,4536.0,4536.0,4520.0,4520.5,118.0,4526.55,66
720,2023-09-19 10:00:00-05:00,4520.25,4523.25,4518.5,4522.5,89.0,4519.975,48
721,2023-09-19 11:00:00-05:00,4521.0,4521.5,4513.5,4520.0,50.0,4517.675,33
722,2023-09-19 12:00:00-05:00,4519.25,4536.5,4519.25,4536.5,62.0,4529.25,59
723,2023-09-19 13:00:00-05:00,4537.0,4547.0,4535.0,4537.5,63.0,4541.975,42
724,2023-09-19 14:00:00-05:00,4535.5,4544.25,4534.5,4542.0,35.0,4539.3,28
725,2023-09-19 15:00:00-05:00,4543.5,4543.5,4541.75,4543.25,4.0,4543.0,3
726,2023-09-20 08:30:00-05:00,4550.0,4558.25,4549.5,4558.25,13.0,4552.575,10
727,2023-09-20 09:00:00-05:00,4555.0,4558.25,4548.25,4550.25,31.0,4551.925,27
728,2023-09-20 10:00:00-05:00,4549.0,4553.0,4545.75,4550.75,40.0,4548.6,31
729,2023-09-20 11:00:00-05:00,4551.25,4553.25,4549.5,4552.5,22.0,4551.375,12
730,2023-09-20 12:00:00-05:00,4552.75,4552.75,4545.0,4551.0,38.0,4549.025,19
731,2023-09-20 13:00:00-05:00,4544.5,4550.0,4530.0,4532.5,178.0,4538.1,118
732,2023-09-20 14:00:00-05:00,4530.0,4533.0,4499.5,4499.5,133.0,4515.075,83
733,2023-09-20 15:00:00-05:00,4499.25,4500.0,4495.0,4495.0,35.0,4496.65,20
734,2023-09-21 08:30:00-05:00,4465.25,4468.0,4450.0,4450.0,49.0,4457.975,40
735,2023-09-21 09:00:00-05:00,4451.0,4464.5,4449.0,4449.0,76.0,4454.675,63
736,2023-09-21 10:00:00-05:00,4450.0,4453.5,4445.5,4448.5,65.0,4449.3,52
737,2023-09-21 11:00:00-05:00,4445.0,4448.75,4443.5,4444.0,37.0,4445.575,33
738,2023-09-21 12:00:00-05:00,4444.0,4456.0,4443.5,4453.25,61.0,4453.3,43
739,2023-09-21 13:00:00-05:00,4452.0,4452.25,4440.0,4440.25,60.0,4444.675,47
740,2023-09-21 14:00:00-05:00,4438.75,4440.0,4420.5,4421.0,149.0,4431.5,113
741,2023-09-21 15:00:00-05:00,4423.0,4423.0,4416.25,4417.75,36.0,4419.7,29
742,2023-09-22 08:30:00-05:00,4431.25,4431.75,4425.5,4429.25,53.0,4429.5,40
743,2023-09-22 09:00:00-05:00,4427.75,4444.25,4427.0,4443.5,87.0,4437.275,68
744,2023-09-22 10:00:00-05:00,4442.0,4446.25,4436.75,4436.75,48.0,4441.45,34
745,2023-09-22 11:00:00-05:00,4437.0,4443.75,4434.5,4443.75,23.0,4438.5,20
746,2023-09-22 12:00:00-05:00,4441.75,4441.75,4419.0,4425.0,42.0,4426.675,36
747,2023-09-22 13:00:00-05:00,4422.5,4423.0,4411.5,4418.0,104.0,4415.95,57
748,2023-09-22 14:00:00-05:00,4421.5,4437.5,4407.75,4410.5,125.0,4425.45,69
749,2023-09-22 15:00:00-05:00,4414.0,4415.0,4409.75,4410.75,24.0,4412.85,22
750,2023-09-25 08:30:00-05:00,4398.75,4411.5,4393.0,4411.5,27.0,4401.525,25
751,2023-09-25 09:00:00-05:00,4411.25,4411.25,4397.75,4399.25,55.0,4402.375,41
752,2023-09-25 10:00:00-05:00,4397.0,4422.0,4397.0,4418.5,114.0,4414.775,86
753,2023-09-25 11:00:00-05:00,4418.5,4424.75,4415.25,4416.5,29.0,4420.25,22
754,2023-09-25 12:00:00-05:00,4416.0,4423.5,4412.0,4420.0,29.0,4419.6,25
755,2023-09-25 13:00:00-05:00,4418.0,4418.5,4414.5,4418.5,39.0,4418.325,6
756,2023-09-25 14:00:00-05:00,4410.75,4428.25,4405.5,4428.25,58.0,4418.2,36
757,2023-09-25 15:00:00-05:00,4430.0,4432.0,4429.0,4431.5,18.0,4430.475,11
758,2023-09-26 08:30:00-05:00,4397.75,4402.25,4390.0,4390.0,85.0,4394.625,60
759,2023-09-26 09:00:00-05:00,4390.0,4391.75,4374.5,4385.0,205.0,4382.525,134
760,2023-09-26 10:00:00-05:00,4385.5,4386.25,4370.5,4375.0,139.0,4375.95,97
761,2023-09-26 11:00:00-05:00,4374.75,4382.75,4373.0,4381.0,39.0,4379.025,33
762,2023-09-26 12:00:00-05:00,4378.5,4382.25,4364.25,4371.25,222.0,4370.875,95
763,2023-09-26 13:00:00-05:00,4369.25,4369.25,4358.75,4361.0,91.0,4363.4,35
764,2023-09-26 14:00:00-05:00,4359.5,4364.0,4354.5,4362.25,126.0,4358.575,56
765,2023-09-26 15:00:00-05:00,4363.75,4370.5,4363.0,4367.0,46.0,4367.85,34
766,2023-09-27 08:30:00-05:00,4374.75,4379.5,4370.0,4372.0,38.0,4373.425,36
767,2023-09-27 09:00:00-05:00,4373.75,4373.75,4353.75,4355.0,303.0,4363.125,135
768,2023-09-27 10:00:00-05:00,4354.0,4364.25,4349.25,4352.75,111.0,4356.475,73
769,2023-09-27 11:00:00-05:00,4349.5,4351.75,4340.75,4343.75,216.0,4346.275,110
770,2023-09-27 12:00:00-05:00,4345.25,4349.0,4325.75,4335.5,169.0,4334.65,106
771,2023-09-27 13:00:00-05:00,4335.0,4366.25,4328.5,4360.5,151.0,4347.95,103
772,2023-09-27 14:00:00-05:00,4365.0,4377.25,4351.5,4362.0,395.0,4366.325,121
773,2023-09-27 15:00:00-05:00,4364.75,4371.25,4364.5,4371.25,83.0,4365.6,26
774,2023-09-28 08:30:00-05:00,4352.0,4365.5,4349.25,4363.75,261.0,4363.275,63
775,2023-09-28 09:00:00-05:00,4370.75,4375.0,4354.75,4374.5,98.0,4366.5,73
776,2023-09-28 10:00:00-05:00,4375.0,4397.0,4372.75,4395.25,237.0,4389.3,98
777,2023-09-28 11:00:00-05:00,4396.25,4403.75,4388.5,4391.5,53.0,4396.3,46
778,2023-09-28 12:00:00-05:00,4387.0,4393.75,4380.0,4381.25,41.0,4385.775,30
779,2023-09-28 13:00:00-05:00,4383.25,4391.5,4378.0,4380.0,36.0,4383.225,30
780,2023-09-28 14:00:00-05:00,4386.0,4399.0,4383.0,4388.0,39.0,4390.675,23
781,2023-09-28 15:00:00-05:00,4384.0,4390.75,4383.25,4390.0,6.0,4386.95,6
782,2023-09-29 08:30:00-05:00,4415.0,4416.5,4408.5,4416.0,45.0,4411.45,32
783,2023-09-29 09:00:00-05:00,4416.0,4417.5,4402.0,4412.0,53.0,4409.175,44
784,2023-09-29 10:00:00-05:00,4405.75,4412.5,4387.75,4394.0,81.0,4399.175,61
785,2023-09-29 11:00:00-05:00,4392.75,4397.75,4379.5,4381.5,48.0,4388.5,44
786,2023-09-29 12:00:00-05:00,4379.0,4379.25,4362.0,4362.75,336.0,4370.675,123
787,2023-09-29 13:00:00-05:00,4362.75,4382.25,4360.0,4382.25,127.0,4367.175,104
788,2023-09-29 14:00:00-05:00,4383.75,4388.75,4369.5,4372.0,572.0,4379.45,151
789,2023-09-29 15:00:00-05:00,4372.25,4380.5,4371.0,4378.5,20.0,4377.05,18
790,2023-10-02 08:30:00-05:00,4367.0,4375.0,4366.25,4367.5,127.0,4370.975,34
791,2023-10-02 09:00:00-05:00,4364.0,4380.5,4359.0,4360.0,237.0,4365.625,133
792,2023-10-02 10:00:00-05:00,4367.25,4385.25,4355.25,4357.75,304.0,4366.425,126
793,2023-10-02 11:00:00-05:00,4358.0,4359.75,4344.5,4347.5,75.0,4352.25,59
794,2023-10-02 12:00:00-05:00,4347.5,4357.0,4345.0,4356.0,315.0,4348.625,59
795,2023-10-02 13:00:00-05:00,4353.0,4366.75,4345.0,4350.0,160.0,4349.3,51
796,2023-10-02 14:00:00-05:00,4345.75,4371.75,4345.25,4371.25,40.0,4358.35,35
797,2023-10-02 15:00:00-05:00,4375.0,4377.0,4375.0,4377.0,32.0,4376.75,9
798,2023-10-03 08:30:00-05:00,4353.5,4364.0,4350.5,4362.5,44.0,4355.4,36
799,2023-10-03 09:00:00-05:00,4357.75,4358.25,4312.5,4317.5,356.0,4336.75,209
800,2023-10-03 10:00:00-05:00,4315.0,4316.25,4305.75,4309.75,86.0,4311.025,58
801,2023-10-03 11:00:00-05:00,4309.5,4322.75,4309.5,4321.75,98.0,4318.3,60
802,2023-10-03 12:00:00-05:00,4321.0,4325.25,4305.5,4305.5,68.0,4315.15,51
803,2023-10-03 13:00:00-05:00,4308.0,4312.5,4300.0,4309.0,53.0,4304.15,41
804,2023-10-03 14:00:00-05:00,4306.5,4315.0,4302.0,4315.0,45.0,4306.525,45
805,2023-10-03 15:00:00-05:00,4314.75,4317.5,4312.5,4312.5,25.0,4314.075,19
806,2023-10-04 08:30:00-05:00,4316.75,4330.0,4315.75,4321.75,307.0,4323.7,122
807,2023-10-04 09:00:00-05:00,4324.5,4324.5,4303.25,4306.25,305.0,4312.475,200
808,2023-10-04 10:00:00-05:00,4305.5,4336.0,4305.5,4336.0,201.0,4326.7,92
809,2023-10-04 11:00:00-05:00,4337.0,4340.0,4331.5,4332.5,57.0,4335.55,49
810,2023-10-04 12:00:00-05:00,4332.0,4332.0,4318.0,4319.0,166.0,4322.125,70
811,2023-10-04 13:00:00-05:00,4316.25,4330.0,4314.25,4330.0,43.0,4321.275,36
812,2023-10-04 14:00:00-05:00,4330.0,4351.0,4328.25,4343.5,181.0,4336.45,79
813,2023-10-04 15:00:00-05:00,4342.75,4342.75,4338.75,4338.75,33.0,4339.95,22
814,2023-10-05 08:30:00-05:00,4343.0,4347.0,4328.0,4333.5,36.0,4335.35,31
815,2023-10-05 09:00:00-05:00,4331.5,4331.5,4310.5,4313.0,285.0,4321.05,133
816,2023-10-05 10:00:00-05:00,4310.0,4318.5,4305.5,4313.0,173.0,4312.9,79
817,2023-10-05 11:00:00-05:00,4314.0,4327.0,4314.0,4317.5,187.0,4323.0,56
818,2023-10-05 12:00:00-05:00,4321.5,4335.25,4312.5,4334.5,333.0,4323.7,103
819,2023-10-05 13:00:00-05:00,4336.5,4348.0,4334.25,4343.0,91.0,4341.65,72
820,2023-10-05 14:00:00-05:00,4346.0,4346.0,4336.5,4339.0,46.0,4339.675,36
821,2023-10-05 15:00:00-05:00,4336.5,4337.0,4335.5,4337.0,10.0,4336.1,9
822,2023-10-06 08:30:00-05:00,4316.5,4322.0,4303.75,4314.0,149.0,4311.875,115
823,2023-10-06 09:00:00-05:00,4310.75,4335.25,4299.5,4329.25,292.0,4322.175,154
824,2023-10-06 10:00:00-05:00,4334.75,4384.0,4334.25,4384.0,462.0,4359.825,248
825,2023-10-06 11:00:00-05:00,4383.75,4387.75,4371.25,4377.75,86.0,4380.25,74
826,2023-10-06 12:00:00-05:00,4380.0,4394.25,4377.0,4389.0,53.0,4387.6,40
827,2023-10-06 13:00:00-05:00,4390.75,4407.75,4389.25,4401.75,158.0,4401.7,80
828,2023-10-06 14:00:00-05:00,4402.5,4402.5,4390.5,4391.0,38.0,4396.275,24
829,2023-10-06 15:00:00-05:00,4390.75,4394.25,4390.75,4392.75,10.0,4393.575,5
830,2023-10-09 08:30:00-05:00,4372.25,4385.0,4369.5,4382.25,118.0,4375.275,65
831,2023-10-09 09:00:00-05:00,4383.5,4386.0,4365.25,4367.5,128.0,4375.075,89
832,2023-10-09 10:00:00-05:00,4371.25,4385.0,4368.25,4384.0,71.0,4376.2,40
833,2023-10-09 11:00:00-05:00,4385.0,4394.25,4381.25,4385.25,78.0,4386.5,46
834,2023-10-09 12:00:00-05:00,4384.5,4416.0,4383.5,4416.0,68.0,4401.8,57
835,2023-10-09 13:00:00-05:00,4415.5,4423.5,4413.0,4420.75,101.0,4418.05,75
836,2023-10-09 14:00:00-05:00,4421.25,4421.25,4411.0,4417.25,98.0,4416.275,47
837,2023-10-09 15:00:00-05:00,4419.0,4419.5,4417.0,4417.0,5.0,4418.5,5
838,2023-10-10 08:30:00-05:00,4421.25,4430.75,4420.5,4430.75,66.0,4424.65,45
839,2023-10-10 09:00:00-05:00,4433.0,4452.0,4433.0,4448.75,123.0,4442.2,88
840,2023-10-10 10:00:00-05:00,4447.0,4466.0,4446.25,4465.75,154.0,4456.35,102
841,2023-10-10 11:00:00-05:00,4464.0,4467.0,4462.0,4465.0,41.0,4464.525,29
842,2023-10-10 12:00:00-05:00,4461.5,4461.5,4443.0,4448.75,143.0,4450.825,104
843,2023-10-10 13:00:00-05:00,4450.5,4451.0,4438.75,4440.0,117.0,4445.275,75
844,2023-10-10 14:00:00-05:00,4443.0,4446.0,4439.0,4440.75,65.0,4443.275,33
845,2023-10-10 15:00:00-05:00,4440.5,4442.0,4440.25,4440.5,9.0,4440.575,7
846,2023-10-11 08:30:00-05:00,4455.0,4459.0,4448.5,4449.75,69.0,4454.15,45
847,2023-10-11 09:00:00-05:00,4448.25,4450.0,4440.0,4450.0,112.0,4444.725,93
848,2023-10-11 10:00:00-05:00,4451.5,4451.5,4436.5,4440.0,41.0,4440.85,37
849,2023-10-11 11:00:00-05:00,4437.25,4437.25,4431.0,4436.0,80.0,4434.35,50
850,2023-10-11 12:00:00-05:00,4436.25,4436.25,4426.75,4430.5,41.0,4429.45,26
851,2023-10-11 13:00:00-05:00,4435.0,4446.5,4432.75,4444.5,31.0,4440.9,24
852,2023-10-11 14:00:00-05:00,4445.0,4459.5,4444.75,4458.75,55.0,4454.675,30
853,2023-10-11 15:00:00-05:00,4458.75,4468.0,4458.75,4468.0,15.0,4463.675,12
854,2023-10-12 08:30:00-05:00,4460.75,4460.75,4445.5,4445.5,64.0,4451.75,55
855,2023-10-12 09:00:00-05:00,4447.0,4459.25,4443.25,4454.75,81.0,4450.425,72
856,2023-10-12 10:00:00-05:00,4454.75,4461.0,4451.0,4458.5,102.0,4455.475,63
857,2023-10-12 11:00:00-05:00,4460.0,4465.75,4456.75,4456.75,28.0,4461.1,23
858,2023-10-12 12:00:00-05:00,4457.0,4457.0,4417.0,4417.0,206.0,4433.85,127
859,2023-10-12 13:00:00-05:00,4415.0,4425.75,4406.0,4423.25,152.0,4416.05,92
860,2023-10-12 14:00:00-05:00,4426.25,4434.0,4424.0,4430.0,48.0,4429.7,35
861,2023-10-12 15:00:00-05:00,4430.75,4432.5,4430.5,4432.25,9.0,4431.15,4
862,2023-10-13 08:30:00-05:00,4446.0,4456.25,4444.25,4451.25,47.0,4449.375,42
863,2023-10-13 09:00:00-05:00,4447.25,4450.25,4418.0,4418.5,163.0,4433.675,137
864,2023-10-13 10:00:00-05:00,4419.75,4419.75,4402.0,4403.0,125.0,4412.05,101
865,2023-10-13 11:00:00-05:00,4402.75,4424.0,4402.75,4412.25,58.0,4413.925,48
866,2023-10-13 12:00:00-05:00,4412.25,4412.25,4390.0,4406.0,626.0,4393.7,170
867,2023-10-13 13:00:00-05:00,4404.25,4411.0,4398.5,4407.25,58.0,4404.35,48
868,2023-10-13 14:00:00-05:00,4406.0,4414.25,4393.25,4406.0,82.0,4402.4,58
869,2023-10-13 15:00:00-05:00,4404.0,4404.0,4398.5,4399.75,22.0,4400.375,18
870,2023-10-16 08:30:00-05:00,4431.5,4438.25,4428.5,4432.0,80.0,4434.775,50
871,2023-10-16 09:00:00-05:00,4434.0,4460.5,4430.25,4460.5,135.0,4447.125,93
872,2023-10-16 10:00:00-05:00,4461.25,4463.25,4447.25,4450.75,149.0,4452.675,50
873,2023-10-16 11:00:00-05:00,4449.0,4452.75,4447.5,4449.25,22.0,4449.675,15
874,2023-10-16 12:00:00-05:00,4452.0,4460.0,4435.0,4457.0,71.0,4450.85,56
875,2023-10-16 13:00:00-05:00,4455.5,4457.5,4450.0,4455.25,13.0,4454.625,13
876,2023-10-16 14:00:00-05:00,4457.25,4461.0,4449.0,4449.0,67.0,4456.35,48
877,2023-10-16 15:00:00-05:00,4449.75,4455.5,4449.75,4455.5,19.0,4454.025,12
878,2023-10-17 08:30:00-05:00,4420.0,4427.0,4416.0,4416.25,69.0,4421.125,53
879,2023-10-17 09:00:00-05:00,4416.75,4447.0,4416.75,4441.75,94.0,4435.175,72
880,2023-10-17 10:00:00-05:00,4443.5,4465.5,4440.5,4462.0,69.0,4454.1,57
881,2023-10-17 11:00:00-05:00,4464.5,4473.0,4460.0,4460.0,40.0,4467.675,35
882,2023-10-17 12:00:00-05:00,4460.5,4460.5,4437.25,4439.5,102.0,4450.375,59
883,2023-10-17 13:00:00-05:00,4440.75,4446.5,4434.0,4437.75,59.0,4441.825,38
884,2023-10-17 14:00:00-05:00,4435.0,4450.0,4434.5,4449.5,38.0,4443.05,36
885,2023-10-17 15:00:00-05:00,4451.75,4451.75,4447.5,4450.0,30.0,4449.95,20
886,2023-10-18 08:30:00-05:00,4431.0,4437.5,4425.25,4427.25,45.0,4428.575,34
887,2023-10-18 09:00:00-05:00,4424.5,4441.0,4411.75,4414.0,519.0,4420.65,142
888,2023-10-18 10:00:00-05:00,4414.0,4424.0,4411.75,4415.0,83.0,4416.65,66
889,2023-10-18 11:00:00-05:00,4415.75,4420.5,4403.75,4404.5,325.0,4410.1,90
890,2023-10-18 12:00:00-05:00,4403.0,4425.25,4400.0,4414.0,554.0,4409.425,137
891,2023-10-18 13:00:00-05:00,4414.5,4421.75,4397.75,4400.5,333.0,4402.9,124
892,2023-10-18 14:00:00-05:00,4398.0,4398.25,4379.25,4391.25,388.0,4390.1,165
893,2023-10-18 15:00:00-05:00,4394.5,4398.0,4393.0,4396.25,43.0,4396.25,26
894,2023-10-19 08:30:00-05:00,4399.5,4399.5,4390.0,4395.25,49.0,4391.75,40
895,2023-10-19 09:00:00-05:00,4393.25,4396.0,4374.75,4374.75,211.0,4381.1,86
896,2023-10-19 10:00:00-05:00,4375.5,4391.0,4371.0,4386.5,57.0,4379.15,45
897,2023-10-19 11:00:00-05:00,4385.0,4413.5,4362.75,4395.0,836.0,4383.4,400
898,2023-10-19 12:00:00-05:00,4397.0,4410.0,4377.25,4382.0,274.0,4396.675,119
899,2023-10-19 13:00:00-05:00,4379.0,4386.0,4352.5,4354.5,559.0,4369.1,179
900,2023-10-19 14:00:00-05:00,4353.0,4361.0,4342.0,4350.5,347.0,4349.0,146
901,2023-10-19 15:00:00-05:00,4348.0,4348.0,4340.25,4343.75,54.0,4343.8,38
902,2023-10-20 08:30:00-05:00,4342.5,4348.25,4334.75,4335.0,182.0,4341.175,90
903,2023-10-20 09:00:00-05:00,4333.5,4337.25,4306.25,4306.25,900.0,4318.05,244
904,2023-10-20 10:00:00-05:00,4309.75,4320.25,4302.25,4317.5,418.0,4307.925,167
905,2023-10-20 11:00:00-05:00,4317.5,4325.5,4307.0,4325.5,144.0,4315.7,109
906,2023-10-20 12:00:00-05:00,4326.0,4333.75,4315.5,4324.0,118.0,4323.575,90
907,2023-10-20 13:00:00-05:00,4325.5,4325.5,4307.25,4311.5,83.0,4313.425,57
908,2023-10-20 14:00:00-05:00,4313.75,4313.75,4295.0,4295.0,274.0,4299.075,68
909,2023-10-20 15:00:00-05:00,4294.5,4296.5,4289.25,4291.0,142.0,4292.75,39
910,2023-10-23 08:30:00-05:00,4280.25,4289.0,4259.75,4286.5,300.0,4274.925,130
911,2023-10-23 09:00:00-05:00,4288.0,4297.25,4283.0,4291.25,160.0,4289.05,98
912,2023-10-23 10:00:00-05:00,4296.25,4311.0,4296.25,4308.25,59.0,4304.15,54
913,2023-10-23 11:00:00-05:00,4311.0,4325.25,4301.0,4325.25,146.0,4320.725,53
914,2023-10-23 12:00:00-05:00,4326.75,4327.0,4309.75,4311.5,80.0,4317.65,66
915,2023-10-23 13:00:00-05:00,4310.0,4314.5,4304.0,4308.0,90.0,4308.275,73
916,2023-10-23 14:00:00-05:00,4311.0,4312.75,4286.25,4290.0,519.0,4293.575,178
917,2023-10-23 15:00:00-05:00,4292.0,4296.75,4292.0,4296.5,91.0,4295.1,35
918,2023-10-24 08:30:00-05:00,4314.0,4321.0,4308.0,4319.0,108.0,4316.125,68
919,2023-10-24 09:00:00-05:00,4317.75,4330.25,4309.5,4323.75,119.0,4322.425,94
920,2023-10-24 10:00:00-05:00,4320.25,4324.75,4309.0,4314.5,73.0,4315.05,64
921,2023-10-24 11:00:00-05:00,4313.0,4314.0,4289.0,4293.0,443.0,4294.95,113
922,2023-10-24 12:00:00-05:00,4295.75,4305.5,4292.75,4301.5,85.0,4299.975,51
923,2023-10-24 13:00:00-05:00,4302.5,4319.5,4302.5,4317.75,61.0,4312.225,41
924,2023-10-24 14:00:00-05:00,4320.0,4323.25,4315.0,4318.25,42.0,4319.95,31
925,2023-10-24 15:00:00-05:00,4320.25,4334.25,4314.5,4317.0,263.0,4325.525,149
926,2023-10-25 08:30:00-05:00,4298.0,4298.75,4276.0,4280.25,511.0,4288.975,151
927,2023-10-25 09:00:00-05:00,4280.0,4291.25,4270.75,4281.75,355.0,4277.0,140
928,2023-10-25 10:00:00-05:00,4284.25,4295.0,4276.25,4276.25,294.0,4285.45,144
929,2023-10-25 11:00:00-05:00,4274.75,4277.25,4263.5,4265.75,432.0,4268.375,117
930,2023-10-25 12:00:00-05:00,4265.75,4268.0,4250.0,4257.0,607.0,4257.375,186
931,2023-10-25 13:00:00-05:00,4258.0,4262.75,4251.25,4259.0,86.0,4256.85,59
932,2023-10-25 14:00:00-05:00,4254.0,4264.0,4253.0,4256.5,74.0,4257.45,51
933,2023-10-25 15:00:00-05:00,4258.0,4268.25,4256.5,4257.0,109.0,4261.225,61
934,2023-10-26 08:30:00-05:00,4240.0,4250.0,4230.0,4232.0,242.0,4240.75,106
935,2023-10-26 09:00:00-05:00,4230.0,4245.0,4220.5,4240.75,335.0,4230.4,190
936,2023-10-26 10:00:00-05:00,4241.5,4242.0,4216.0,4225.0,298.0,4223.9,102
937,2023-10-26 11:00:00-05:00,4218.75,4221.75,4197.75,4197.75,598.0,4207.1,240
938,2023-10-26 12:00:00-05:00,4197.25,4212.75,4192.25,4212.75,560.0,4203.85,168
939,2023-10-26 13:00:00-05:00,4212.75,4232.25,4210.75,4231.5,158.0,4221.725,110
940,2023-10-26 14:00:00-05:00,4232.0,4237.0,4200.0,4200.0,269.0,4210.2,113
941,2023-10-26 15:00:00-05:00,4205.0,4212.0,4196.0,4204.25,238.0,4205.7,77
942,2023-10-27 08:30:00-05:00,4219.75,4219.75,4202.0,4208.0,60.0,4210.55,48
943,2023-10-27 09:00:00-05:00,4202.75,4217.0,4195.0,4210.75,635.0,4201.725,174
944,2023-10-27 10:00:00-05:00,4209.0,4221.0,4204.75,4209.75,89.0,4212.75,60
945,2023-10-27 11:00:00-05:00,4210.0,4210.0,4192.0,4192.0,248.0,4197.725,58
946,2023-10-27 12:00:00-05:00,4192.25,4192.25,4176.5,4178.5,561.0,4182.25,140
947,2023-10-27 13:00:00-05:00,4180.0,4185.0,4167.75,4170.5,563.0,4177.25,146
948,2023-10-27 14:00:00-05:00,4172.75,4183.5,4168.0,4183.0,525.0,4172.5,166
949,2023-10-27 15:00:00-05:00,4184.0,4184.5,4181.75,4182.0,37.0,4183.075,26
950,2023-10-30 08:30:00-05:00,4215.0,4229.0,4215.0,4229.0,113.0,4223.65,43
951,2023-10-30 09:00:00-05:00,4223.25,4225.5,4197.5,4203.5,173.0,4206.85,136
952,2023-10-30 10:00:00-05:00,4208.5,4215.5,4200.75,4215.5,60.0,4209.75,47
953,2023-10-30 11:00:00-05:00,4216.25,4217.25,4201.5,4206.75,152.0,4211.4,73
954,2023-10-30 12:00:00-05:00,4205.5,4232.75,4205.5,4232.0,115.0,4224.025,89
955,2023-10-30 13:00:00-05:00,4232.5,4238.0,4226.25,4233.25,45.0,4232.875,42
956,2023-10-30 14:00:00-05:00,4236.0,4242.0,4230.0,4231.75,67.0,4237.9,47
957,2023-10-30 15:00:00-05:00,4231.0,4231.5,4227.25,4228.0,14.0,4229.875,10
958,2023-10-31 08:30:00-05:00,4236.75,4236.75,4219.0,4224.75,201.0,4224.6,125
959,2023-10-31 09:00:00-05:00,4221.75,4239.75,4218.0,4236.5,1771.0,4233.65,526
960,2023-10-31 10:00:00-05:00,4237.0,4239.5,4230.0,4239.5,52.0,4234.9,45
961,2023-10-31 11:00:00-05:00,4239.0,4243.5,4228.5,4241.25,95.0,4236.175,75
962,2023-10-31 12:00:00-05:00,4244.0,4255.25,4240.0,4255.0,90.0,4249.075,67
963,2023-10-31 13:00:00-05:00,4254.0,4257.0,4246.0,4257.0,50.0,4251.65,42
964,2023-10-31 14:00:00-05:00,4258.0,4261.0,4253.0,4257.5,163.0,4256.25,48
965,2023-10-31 15:00:00-05:00,4258.0,4258.0,4248.0,4249.25,20.0,4252.35,18
966,2023-11-01 08:30:00-05:00,4268.0,4274.0,4261.75,4271.0,40.0,4268.9,36
967,2023-11-01 09:00:00-05:00,4270.5,4293.0,4268.0,4288.25,230.0,4278.95,127
968,2023-11-01 10:00:00-05:00,4290.5,4290.5,4277.5,4284.0,51.0,4282.475,42
969,2023-11-01 11:00:00-05:00,4280.0,4280.75,4268.5,4272.75,71.0,4275.65,40
970,2023-11-01 12:00:00-05:00,4275.25,4279.75,4271.5,4275.75,71.0,4275.575,21
971,2023-11-01 13:00:00-05:00,4279.75,4292.0,4266.75,4290.5,351.0,4279.6,207
972,2023-11-01 14:00:00-05:00,4290.0,4310.0,4290.0,4301.25,427.0,4302.8,194
973,2023-11-01 15:00:00-05:00,4302.5,4304.0,4300.0,4304.0,30.0,4301.9,20
974,2023-11-02 08:30:00-05:00,4342.0,4352.25,4342.0,4349.0,96.0,4347.95,58
975,2023-11-02 09:00:00-05:00,4349.75,4368.0,4344.5,4367.0,213.0,4353.25,108
976,2023-11-02 10:00:00-05:00,4366.0,4368.0,4357.0,4363.0,159.0,4362.3,76
977,2023-11-02 11:00:00-05:00,4361.25,4370.75,4360.0,4365.5,102.0,4368.525,39
978,2023-11-02 12:00:00-05:00,4365.0,4380.0,4364.25,4377.75,119.0,4374.825,50
979,2023-11-02 13:00:00-05:00,4377.0,4380.0,4373.25,4377.5,45.0,4376.175,29
980,2023-11-02 14:00:00-05:00,4377.25,4384.0,4377.25,4382.5,44.0,4380.275,34
981,2023-11-02 15:00:00-05:00,4382.0,4386.0,4374.0,4381.0,78.0,4379.65,56
982,2023-11-03 08:30:00-05:00,4406.25,4424.75,4406.25,4423.0,167.0,4417.95,82
983,2023-11-03 09:00:00-05:00,4423.75,4429.25,4407.75,4415.25,178.0,4419.5,83
984,2023-11-03 10:00:00-05:00,4418.5,4427.0,4410.0,4426.5,87.0,4419.55,51
985,2023-11-03 11:00:00-05:00,4425.0,4434.25,4425.0,4433.0,122.0,4431.175,47
986,2023-11-03 12:00:00-05:00,4434.25,4434.25,4426.0,4432.5,49.0,4429.45,23
987,2023-11-03 13:00:00-05:00,4430.5,4438.0,4426.75,4436.75,30.0,4432.725,24
988,2023-11-03 14:00:00-05:00,4436.75,4438.0,4422.5,4424.25,73.0,4430.05,55
989,2023-11-03 15:00:00-05:00,4426.25,4427.25,4425.5,4426.5,14.0,4426.35,9
990,2023-11-06 08:30:00-06:00,4434.0,4436.0,4426.75,4428.75,52.0,4430.6,38
991,2023-11-06 09:00:00-06:00,4430.5,4432.5,4423.25,4429.25,54.0,4426.6,33
992,2023-11-06 10:00:00-06:00,4431.5,4432.75,4427.75,4427.75,36.0,4430.25,22
993,2023-11-06 11:00:00-06:00,4431.25,4431.5,4420.75,4425.0,33.0,4427.55,19
994,2023-11-06 12:00:00-06:00,4423.5,4423.5,4413.0,4418.5,57.0,4418.4,35
995,2023-11-06 13:00:00-06:00,4419.0,4426.25,4412.75,4426.0,66.0,4418.325,43
996,2023-11-06 14:00:00-06:00,4425.5,4431.0,4423.75,4431.0,18.0,4426.225,17
997,2023-11-06 15:00:00-06:00,4432.25,4432.25,4428.0,4428.0,7.0,4430.25,7
998,2023-11-07 08:30:00-06:00,4429.5,4430.0,4421.0,4430.0,37.0,4424.725,35
999,2023-11-07 09:00:00-06:00,4430.0,4448.25,4429.0,4446.25,111.0,4438.25,89
1000,2023-11-07 10:00:00-06:00,4445.75,4450.5,4442.5,4444.75,111.0,4445.1,60
1001,2023-11-07 11:00:00-06:00,4443.0,4443.0,4432.75,4441.0,56.0,4438.025,45
1002,2023-11-07 12:00:00-06:00,4444.0,4449.75,4444.0,4447.0,76.0,4446.525,62
1003,2023-11-07 13:00:00-06:00,4448.75,4450.0,4444.0,4444.0,46.0,4446.95,36
1004,2023-11-07 14:00:00-06:00,4444.25,4450.5,4439.25,4444.75,84.0,4445.2,64
1005,2023-11-07 15:00:00-06:00,4445.0,4445.25,4443.5,4445.25,16.0,4444.2,14
1006,2023-11-08 08:30:00-06:00,4451.5,4455.75,4450.0,4450.0,44.0,4452.725,34
1007,2023-11-08 09:00:00-06:00,4449.25,4450.75,4440.0,4440.5,66.0,4444.75,44
1008,2023-11-08 10:00:00-06:00,4441.0,4445.25,4435.5,4435.5,101.0,4439.95,71
1009,2023-11-08 11:00:00-06:00,4435.75,4435.75,4422.75,4430.0,68.0,4430.175,50
1010,2023-11-08 12:00:00-06:00,4433.5,4441.0,4431.0,4439.75,50.0,4436.575,40
1011,2023-11-08 13:00:00-06:00,4441.25,4446.0,4440.0,4440.0,23.0,4442.825,18
1012,2023-11-08 14:00:00-06:00,4440.25,4452.25,4439.5,4449.0,36.0,4448.4,25
1013,2023-11-08 15:00:00-06:00,4445.5,4445.5,4442.25,4442.25,5.0,4444.0,5
1014,2023-11-09 08:30:00-06:00,4454.25,4454.25,4443.0,4450.25,30.0,4447.65,25
1015,2023-11-09 09:00:00-06:00,4452.25,4454.25,4433.5,4442.5,113.0,4439.7,75
1016,2023-11-09 10:00:00-06:00,4443.0,4453.25,4443.0,4449.75,51.0,4448.075,42
1017,2023-11-09 11:00:00-06:00,4450.0,4450.0,4444.0,4450.0,17.0,4446.65,14
1018,2023-11-09 12:00:00-06:00,4447.25,4447.25,4425.5,4426.5,103.0,4435.55,85
1019,2023-11-09 13:00:00-06:00,4423.0,4423.75,4408.75,4410.0,112.0,4416.325,84
1020,2023-11-09 14:00:00-06:00,4408.0,4415.0,4405.5,4409.25,60.0,4409.025,47
1021,2023-11-09 15:00:00-06:00,4412.5,4413.75,4412.5,4413.75,3.0,4413.0,3
1022,2023-11-10 08:30:00-06:00,4430.25,4433.0,4420.5,4427.5,102.0,4428.875,71
1023,2023-11-10 09:00:00-06:00,4426.0,4432.0,4416.0,4424.0,95.0,4422.875,86
1024,2023-11-10 10:00:00-06:00,4428.0,4441.75,4427.75,4437.75,141.0,4436.55,90
1025,2023-11-10 11:00:00-06:00,4439.75,4462.5,4439.75,4459.25,179.0,4451.1,116
1026,2023-11-10 12:00:00-06:00,4460.5,4469.75,4455.0,4466.5,216.0,4461.65,115
1027,2023-11-10 13:00:00-06:00,4467.0,4472.5,4466.75,4468.5,42.0,4469.925,35
1028,2023-11-10 14:00:00-06:00,4469.0,4481.75,4469.0,4477.25,87.0,4476.6,69
1029,2023-11-10 15:00:00-06:00,4480.25,4482.75,4470.0,4471.0,74.0,4478.55,38
1030,2023-11-13 08:30:00-06:00,4467.0,4467.0,4455.75,4460.25,42.0,4459.775,32
1031,2023-11-13 09:00:00-06:00,4457.75,4471.0,4457.25,4468.25,106.0,4465.35,80
1032,2023-11-13 10:00:00-06:00,4469.75,4485.0,4467.5,4483.0,128.0,4476.7,82
1033,2023-11-13 11:00:00-06:00,4481.0,4482.0,4474.25,4477.0,69.0,4477.725,43
1034,2023-11-13 12:00:00-06:00,4475.5,4482.5,4472.0,4476.5,66.0,4475.7,48
1035,2023-11-13 13:00:00-06:00,4478.0,4482.0,4476.75,4479.0,13.0,4479.65,13
1036,2023-11-13 14:00:00-06:00,4476.0,4481.0,4473.25,4473.25,27.0,4477.025,19
1037,2023-11-13 15:00:00-06:00,4475.5,4476.0,4474.75,4476.0,10.0,4475.6,6
1038,2023-11-14 08:30:00-06:00,4536.0,4552.25,4533.0,4551.5,493.0,4541.15,296
1039,2023-11-14 09:00:00-06:00,4551.75,4566.25,4548.5,4562.25,368.0,4558.525,242
1040,2023-11-14 10:00:00-06:00,4563.25,4570.0,4556.0,4557.0,271.0,4564.925,189
1041,2023-11-14 11:00:00-06:00,4556.25,4560.25,4551.5,4559.75,296.0,4555.825,200
1042,2023-11-14 12:00:00-06:00,4559.5,4563.5,4555.25,4555.25,223.0,4559.25,143
1043,2023-11-14 13:00:00-06:00,4554.5,4567.75,4549.75,4567.75,256.0,4557.2,177
1044,2023-11-14 14:00:00-06:00,4567.25,4573.5,4556.0,4559.75,293.0,4565.8,192
1045,2023-11-14 15:00:00-06:00,4559.5,4565.5,4559.5,4564.5,100.0,4563.35,61
1046,2023-11-15 08:30:00-06:00,4576.0,4579.5,4567.0,4570.75,104.0,4573.65,80
1047,2023-11-15 09:00:00-06:00,4572.5,4586.0,4570.75,4583.25,379.0,4578.7,190
1048,2023-11-15 10:00:00-06:00,4584.5,4586.0,4569.25,4570.25,179.0,4576.575,147
1049,2023-11-15 11:00:00-06:00,4570.75,4575.25,4567.5,4569.75,163.0,4571.175,118
1050,2023-11-15 12:00:00-06:00,4569.25,4574.5,4560.25,4574.25,201.0,4567.3,160
1051,2023-11-15 13:00:00-06:00,4574.75,4578.25,4568.5,4575.0,157.0,4574.7,126
1052,2023-11-15 14:00:00-06:00,4573.25,4575.5,4564.0,4568.75,121.0,4570.65,109
1053,2023-11-15 15:00:00-06:00,4568.25,4568.75,4561.75,4562.75,28.0,4563.65,24
1054,2023-11-16 08:30:00-06:00,4562.0,4574.5,4561.5,4574.5,69.0,4567.5,60
1055,2023-11-16 09:00:00-06:00,4573.75,4575.0,4557.25,4560.25,335.0,4563.875,237
1056,2023-11-16 10:00:00-06:00,4560.25,4561.25,4550.75,4556.0,323.0,4555.35,222
1057,2023-11-16 11:00:00-06:00,4556.0,4567.75,4556.0,4563.5,135.0,4561.85,108
1058,2023-11-16 12:00:00-06:00,4564.0,4565.0,4555.75,4558.5,119.0,4560.3,98
1059,2023-11-16 13:00:00-06:00,4558.5,4567.5,4557.75,4565.25,147.0,4561.475,103
1060,2023-11-16 14:00:00-06:00,4565.0,4573.25,4563.25,4572.0,180.0,4568.075,139
1061,2023-11-16 15:00:00-06:00,4572.25,4578.75,4572.0,4578.25,34.0,4574.15,24
1062,2023-11-17 08:30:00-06:00,4572.25,4575.0,4564.0,4570.5,129.0,4567.45,105
1063,2023-11-17 09:00:00-06:00,4568.5,4572.25,4564.75,4569.25,176.0,4569.475,125
1064,2023-11-17 10:00:00-06:00,4569.75,4571.0,4561.5,4570.75,181.0,4566.675,120
1065,2023-11-17 11:00:00-06:00,4570.5,4575.75,4569.25,4573.5,140.0,4572.825,120
1066,2023-11-17 12:00:00-06:00,4574.25,4580.25,4572.0,4579.5,189.0,4575.725,115
1067,2023-11-17 13:00:00-06:00,4579.75,4583.0,4575.25,4578.75,138.0,4578.775,100
1068,2023-11-17 14:00:00-06:00,4579.0,4583.0,4571.5,4577.25,158.0,4577.575,124
1069,2023-11-17 15:00:00-06:00,4577.75,4577.75,4572.25,4573.25,23.0,4574.325,21
1070,2023-11-20 08:30:00-06:00,4575.5,4590.75,4575.5,4590.75,136.0,4584.325,114
1071,2023-11-20 09:00:00-06:00,4590.0,4595.0,4584.0,4594.75,247.0,4590.85,165
1072,2023-11-20 10:00:00-06:00,4595.5,4598.25,4594.5,4596.5,228.0,4596.3,144
1073,2023-11-20 11:00:00-06:00,4596.5,4600.0,4594.5,4595.25,97.0,4597.2,88
1074,2023-11-20 12:00:00-06:00,4595.5,4610.75,4595.25,4608.75,308.0,4605.3,198
1075,2023-11-20 13:00:00-06:00,4609.25,4616.25,4607.5,4614.75,172.0,4611.55,139
1076,2023-11-20 14:00:00-06:00,4615.0,4621.0,4609.0,4612.25,343.0,4616.875,256
1077,2023-11-20 15:00:00-06:00,4612.0,4612.5,4608.75,4610.75,17.0,4610.05,14
1078,2023-11-21 08:30:00-06:00,4598.75,4600.0,4594.75,4595.0,118.0,4597.325,94
1079,2023-11-21 09:00:00-06:00,4596.25,4599.0,4588.0,4593.75,255.0,4593.075,187
1080,2023-11-21 10:00:00-06:00,4594.75,4596.75,4590.25,4596.75,127.0,4593.4,112
1081,2023-11-21 11:00:00-06:00,4597.0,4603.75,4595.5,4603.75,104.0,4599.475,90
1082,2023-11-21 12:00:00-06:00,4601.5,4603.5,4595.0,4601.0,122.0,4599.15,94
1083,2023-11-21 13:00:00-06:00,4600.5,4603.0,4596.75,4601.0,120.0,4599.875,104
1084,2023-11-21 14:00:00-06:00,4601.25,4604.25,4597.5,4600.5,134.0,4600.8,119
1085,2023-11-21 15:00:00-06:00,4599.5,4600.0,4586.5,4598.25,106.0,4595.25,84
1086,2023-11-22 08:30:00-06:00,4615.75,4629.75,4609.75,4615.0,422.0,4622.725,210
1087,2023-11-22 09:00:00-06:00,4615.0,4621.75,4605.5,4612.0,276.0,4613.35,176
1088,2023-11-22 10:00:00-06:00,4611.75,4621.0,4611.5,4621.0,86.0,4616.275,65
1089,2023-11-22 11:00:00-06:00,4621.5,4624.5,4612.25,4617.25,89.0,4618.9,69
1090,2023-11-22 12:00:00-06:00,4617.25,4622.0,4617.25,4619.5,146.0,4619.475,60
1091,2023-11-22 13:00:00-06:00,4619.75,4622.25,4605.75,4615.0,170.0,4614.85,126
1092,2023-11-22 14:00:00-06:00,4614.5,4620.5,4613.0,4618.0,250.0,4616.375,127
1093,2023-11-22 15:00:00-06:00,4617.0,4618.0,4615.25,4615.25,31.0,4616.175,19
1094,2023-11-24 08:30:00-06:00,4615.25,4619.25,4613.0,4617.5,87.0,4615.45,79
1095,2023-11-24 09:00:00-06:00,4618.5,4619.75,4613.25,4616.75,156.0,4616.65,113
1096,2023-11-24 10:00:00-06:00,4617.0,4617.5,4614.25,4614.75,107.0,4615.65,96
1097,2023-11-24 11:00:00-06:00,4614.5,4618.0,4613.5,4617.5,119.0,4615.45,100
1098,2023-11-24 12:00:00-06:00,4618.0,4619.25,4617.5,4617.5,20.0,4618.175,17
1099,2023-11-27 08:30:00-06:00,4613.0,4616.5,4605.5,4609.5,158.0,4609.7,111
1100,2023-11-27 09:00:00-06:00,4610.0,4616.75,4607.5,4613.25,256.0,4612.55,186
1101,2023-11-27 10:00:00-06:00,4612.75,4618.75,4607.25,4615.0,211.0,4611.575,150
1102,2023-11-27 11:00:00-06:00,4614.0,4617.0,4613.0,4616.75,57.0,4615.4,41
1103,2023-11-27 12:00:00-06:00,4616.75,4619.75,4615.0,4616.5,108.0,4616.1,39
1104,2023-11-27 13:00:00-06:00,4617.0,4617.0,4606.5,4611.0,363.0,4610.775,135
1105,2023-11-27 14:00:00-06:00,4611.75,4618.0,4609.0,4610.25,121.0,4613.4,107
1106,2023-11-27 15:00:00-06:00,4610.0,4611.5,4609.0,4611.5,61.0,4610.575,30
1107,2023-11-28 08:30:00-06:00,4605.5,4605.5,4599.0,4600.5,171.0,4602.575,114
1108,2023-11-28 09:00:00-06:00,4601.0,4618.0,4600.5,4615.25,304.0,4612.175,185
1109,2023-11-28 10:00:00-06:00,4614.25,4627.25,4614.25,4624.5,278.0,4622.15,177
1110,2023-11-28 11:00:00-06:00,4625.0,4625.0,4610.5,4613.25,270.0,4617.825,135
1111,2023-11-28 12:00:00-06:00,4612.5,4612.5,4601.75,4608.0,241.0,4607.65,133
1112,2023-11-28 13:00:00-06:00,4608.5,4613.25,4603.5,4611.25,179.0,4608.55,114
1113,2023-11-28 14:00:00-06:00,4611.5,4615.0,4604.0,4613.0,283.0,4609.8,181
1114,2023-11-28 15:00:00-06:00,4613.0,4615.25,4613.0,4613.75,76.0,4614.025,43
1115,2023-11-29 08:30:00-06:00,4635.0,4646.5,4633.75,4645.0,456.0,4642.025,253
1116,2023-11-29 09:00:00-06:00,4645.5,4646.25,4624.75,4629.5,711.0,4630.975,430
1117,2023-11-29 10:00:00-06:00,4629.0,4630.75,4613.25,4621.0,679.0,4618.75,358
1118,2023-11-29 11:00:00-06:00,4620.75,4626.75,4619.25,4626.5,215.0,4624.0,163
1119,2023-11-29 12:00:00-06:00,4626.75,4628.0,4620.5,4624.25,238.0,4624.25,150
1120,2023-11-29 13:00:00-06:00,4624.5,4626.75,4614.5,4618.75,339.0,4620.95,187
1121,2023-11-29 14:00:00-06:00,4618.5,4619.0,4605.5,4609.75,624.0,4610.0,400
1122,2023-11-29 15:00:00-06:00,4609.75,4615.25,4609.25,4612.0,77.0,4613.1,55
1123,2023-11-30 08:30:00-06:00,4615.25,4618.0,4602.5,4613.25,805.0,4609.1,527
1124,2023-11-30 09:00:00-06:00,4613.75,4616.5,4601.0,4609.5,918.0,4607.95,547
1125,2023-11-30 10:00:00-06:00,4610.0,4612.5,4599.0,4599.25,703.0,4604.875,378
1126,2023-11-30 11:00:00-06:00,4599.25,4604.5,4595.5,4602.5,352.0,4600.15,246
1127,2023-11-30 12:00:00-06:00,4601.25,4602.75,4594.0,4600.25,312.0,4598.975,191
1128,2023-11-30 13:00:00-06:00,4600.0,4612.5,4600.0,4612.25,720.0,4607.825,334
1129,2023-11-30 14:00:00-06:00,4612.5,4629.25,4600.0,4624.75,1057.0,4615.9,629
1130,2023-11-30 15:00:00-06:00,4625.0,4627.5,4621.25,4621.75,339.0,4624.35,181
1131,2023-12-01 08:30:00-06:00,4618.75,4623.0,4612.75,4622.25,669.0,4619.65,418
1132,2023-12-01 09:00:00-06:00,4622.0,4632.0,4614.25,4624.0,1242.0,4622.725,825
1133,2023-12-01 10:00:00-06:00,4624.25,4648.75,4615.0,4644.25,2426.0,4633.2,1573
1134,2023-12-01 11:00:00-06:00,4644.75,4657.75,4643.75,4655.5,1062.0,4649.25,617
1135,2023-12-01 12:00:00-06:00,4655.5,4656.0,4643.25,4644.5,1444.0,4649.375,1137
1136,2023-12-01 13:00:00-06:00,4644.75,4652.25,4643.25,4652.0,477.0,4647.85,300
1137,2023-12-01 14:00:00-06:00,4652.0,4654.5,4645.25,4651.5,699.0,4650.75,448
1138,2023-12-01 15:00:00-06:00,4651.0,4656.5,4650.0,4654.75,402.0,4653.05,155
